ISO-10303-21;
HEADER;
FILE_DESCRIPTION(('Designed by EasyEDA Pro'),'2;1');
FILE_NAME('Open CASCADE Shape Model','2026-09-03T19:38:07',('Author'),(
    'Open CASCADE'),'Open CASCADE STEP processor 7.8','Open CASCADE 7.8'
  ,'Unknown');
FILE_SCHEMA(('AUTOMOTIVE_DESIGN { 1 0 10303 214 1 1 1 1 }'));
ENDSEC;
DATA;

#1 = APPLICATION_PROTOCOL_DEFINITION('international standard',  'automotive_design',2000,#2);
#2 = APPLICATION_CONTEXT(  'core data for automotive mechanical design processes');
#3 = SHAPE_DEFINITION_REPRESENTATION(#4,#10);
#4 = PRODUCT_DEFINITION_SHAPE('','',#5);
#5 = PRODUCT_DEFINITION('design','',#6,#9);
#6 = PRODUCT_DEFINITION_FORMATION('','',#7);
#7 = PRODUCT('EasyEDA PCB Model~5Wko','EasyEDA PCB Model~5Wko','',(#8));
#8 = PRODUCT_CONTEXT('',#2,'mechanical');
#9 = PRODUCT_DEFINITION_CONTEXT('part definition',#2,'design');
#10=SHAPE_REPRESENTATION('',(#11,#15,#19,#23,#27,#31,#35,#39),#43);
#11 = AXIS2_PLACEMENT_3D('',#12,#13,#14);
#12 = CARTESIAN_POINT('',(0.,0.,0.));
#13 = DIRECTION('',(0.,0.,1.));
#14 = DIRECTION('',(1.,0.,-0.));
#15 = AXIS2_PLACEMENT_3D('',#16,#17,#18);
#16 = CARTESIAN_POINT('',(0.,0.,0.));
#17 = DIRECTION('',(0.,0.,1.));
#18 = DIRECTION('',(1.,0.,-0.));
#19 = AXIS2_PLACEMENT_3D('',#20,#21,#22);
#20 = CARTESIAN_POINT('',(0.,0.,0.));
#21 = DIRECTION('',(0.,0.,1.));
#22 = DIRECTION('',(1.,0.,-0.));
#23 = AXIS2_PLACEMENT_3D('',#24,#25,#26);
#24 = CARTESIAN_POINT('',(0.,0.,0.));
#25 = DIRECTION('',(0.,0.,1.));
#26 = DIRECTION('',(1.,0.,-0.));
#27 = AXIS2_PLACEMENT_3D('',#28,#29,#30);
#28 = CARTESIAN_POINT('',(0.,0.,0.));
#29 = DIRECTION('',(0.,0.,1.));
#30 = DIRECTION('',(1.,0.,-0.));
#31 = AXIS2_PLACEMENT_3D('',#32,#33,#34);
#32 = CARTESIAN_POINT('',(0.,0.,0.));
#33 = DIRECTION('',(0.,0.,1.));
#34 = DIRECTION('',(1.,0.,-0.));
#35 = AXIS2_PLACEMENT_3D('',#36,#37,#38);
#36 = CARTESIAN_POINT('',(0.,0.,0.));
#37 = DIRECTION('',(0.,0.,1.));
#38 = DIRECTION('',(1.,0.,-0.));
#39 = AXIS2_PLACEMENT_3D('',#40,#41,#42);
#40 = CARTESIAN_POINT('',(0.,0.,0.));
#41 = DIRECTION('',(0.,0.,1.));
#42 = DIRECTION('',(1.,0.,-0.));
#43 = ( GEOMETRIC_REPRESENTATION_CONTEXT(3) GLOBAL_UNCERTAINTY_ASSIGNED_CONTEXT((#47)) GLOBAL_UNIT_ASSIGNED_CONTEXT((#44,#45,#46)) REPRESENTATION_CONTEXT('Context #1',  '3D Context with UNIT and UNCERTAINTY') );
#44 = ( LENGTH_UNIT() NAMED_UNIT(*) SI_UNIT(.MILLI.,.METRE.) );
#45 = ( NAMED_UNIT(*) PLANE_ANGLE_UNIT() SI_UNIT($,.RADIAN.) );
#46 = ( NAMED_UNIT(*) SI_UNIT($,.STERADIAN.) SOLID_ANGLE_UNIT() );
#47 = UNCERTAINTY_MEASURE_WITH_UNIT(LENGTH_MEASURE(1.E-07),#44,  'distance_accuracy_value','confusion accuracy');
#48 = PRODUCT_RELATED_PRODUCT_CATEGORY('part',$,(#7));
#49 = SHAPE_DEFINITION_REPRESENTATION(#50,#56);
#50 = PRODUCT_DEFINITION_SHAPE('','',#51);
#51 = PRODUCT_DEFINITION('design','',#52,#55);
#52 = PRODUCT_DEFINITION_FORMATION('','',#53);
#53 = PRODUCT('Board~5Wko','Board~5Wko','',(#54));
#54 = PRODUCT_CONTEXT('',#2,'mechanical');
#55 = PRODUCT_DEFINITION_CONTEXT('part definition',#2,'design');
#56 = SHAPE_REPRESENTATION('',(#11,#57,#3731,#3819,#3907,#3995),#4083);
#57 = MANIFOLD_SOLID_BREP('',#58);
#58 = CLOSED_SHELL('',(#59,#99,#132,#163,#196,#227,#260,#291,#315,#357,    #381,#423,#447,#489,#513,#555,#579,#621,#645,#687,#711,#753,#777,    #819,#843,#885,#909,#951,#975,#1017,#1041,#1083,#1107,#1149,#1173,    #1215,#1239,#1281,#1305,#1347,#1371,#1413,#1437,#1479,#1503,#1545,    #1569,#1611,#1635,#1677,#1701,#1743,#1767,#1809,#1840,#1873,#1904,    #1937,#1968,#2001,#2023,#2065,#2089,#2131,#2155,#2197,#2221,#2263,    #2287,#2329,#2353,#2395,#2419,#2461,#2485,#2527,#2551,#2593,#2617,    #2659,#2683,#2725,#2749,#2791,#2815,#2857,#2881,#2923,#2947,#2989,    #3013,#3055,#3079,#3121,#3145,#3187,#3211,#3253,#3277,#3319,#3343,    #3537));
#59 = ADVANCED_FACE('',(#60),#94,.T.);
#60 = FACE_BOUND('',#61,.T.);
#61 = EDGE_LOOP('',(#62,#72,#80,#88));
#62 = ORIENTED_EDGE('',*,*,#63,.T.);
#63 = EDGE_CURVE('',#64,#66,#68,.T.);
#64 = VERTEX_POINT('',#65);
#65 = CARTESIAN_POINT('',(8.128016256033,78.854457708915,0.));
#66 = VERTEX_POINT('',#67);
#67 = CARTESIAN_POINT('',(8.128016256033,78.854457708915,1.600050800102)  );
#68 = LINE('',#69,#70);
#69 = CARTESIAN_POINT('',(8.128016256033,78.854457708915,0.));
#70 = VECTOR('',#71,1.);
#71 = DIRECTION('',(0.,0.,1.));
#72 = ORIENTED_EDGE('',*,*,#73,.T.);
#73 = EDGE_CURVE('',#66,#74,#76,.T.);
#74 = VERTEX_POINT('',#75);
#75 = CARTESIAN_POINT('',(132.96926593853,78.854457708915,1.600050800102    ));
#76 = LINE('',#77,#78);
#77 = CARTESIAN_POINT('',(8.128016256033,78.854457708915,1.600050800102)  );
#78 = VECTOR('',#79,1.);
#79 = DIRECTION('',(1.,0.,0.));
#80 = ORIENTED_EDGE('',*,*,#81,.F.);
#81 = EDGE_CURVE('',#82,#74,#84,.T.);
#82 = VERTEX_POINT('',#83);
#83 = CARTESIAN_POINT('',(132.96926593853,78.854457708915,0.));
#84 = LINE('',#85,#86);
#85 = CARTESIAN_POINT('',(132.96926593853,78.854457708915,0.));
#86 = VECTOR('',#87,1.);
#87 = DIRECTION('',(0.,0.,1.));
#88 = ORIENTED_EDGE('',*,*,#89,.F.);
#89 = EDGE_CURVE('',#64,#82,#90,.T.);
#90 = LINE('',#91,#92);
#91 = CARTESIAN_POINT('',(8.128016256033,78.854457708915,0.));
#92 = VECTOR('',#93,1.);
#93 = DIRECTION('',(1.,0.,0.));
#94 = PLANE('',#95);
#95 = AXIS2_PLACEMENT_3D('',#96,#97,#98);
#96 = CARTESIAN_POINT('',(8.128016256033,78.854457708915,0.));
#97 = DIRECTION('',(0.,1.,0.));
#98 = DIRECTION('',(1.,0.,0.));
#99 = ADVANCED_FACE('',(#100),#127,.T.);
#100 = FACE_BOUND('',#101,.T.);
#101 = EDGE_LOOP('',(#102,#103,#112,#120));
#102 = ORIENTED_EDGE('',*,*,#81,.T.);
#103 = ORIENTED_EDGE('',*,*,#104,.T.);
#104 = EDGE_CURVE('',#74,#105,#107,.T.);
#105 = VERTEX_POINT('',#106);
#106 = CARTESIAN_POINT('',(134.09956819913,77.724155448311,    1.600050800102));
#107 = CIRCLE('',#108,1.130302260605);
#108 = AXIS2_PLACEMENT_3D('',#109,#110,#111);
#109 = CARTESIAN_POINT('',(132.96926593853,77.724155448311,    1.600050800102));
#110 = DIRECTION('',(0.,0.,-1.));
#111 = DIRECTION('',(6.389817628147E-15,1.,0.));
#112 = ORIENTED_EDGE('',*,*,#113,.F.);
#113 = EDGE_CURVE('',#114,#105,#116,.T.);
#114 = VERTEX_POINT('',#115);
#115 = CARTESIAN_POINT('',(134.09956819913,77.724155448311,0.));
#116 = LINE('',#117,#118);
#117 = CARTESIAN_POINT('',(134.09956819913,77.724155448311,0.));
#118 = VECTOR('',#119,1.);
#119 = DIRECTION('',(0.,0.,1.));
#120 = ORIENTED_EDGE('',*,*,#121,.F.);
#121 = EDGE_CURVE('',#82,#114,#122,.T.);
#122 = CIRCLE('',#123,1.130302260605);
#123 = AXIS2_PLACEMENT_3D('',#124,#125,#126);
#124 = CARTESIAN_POINT('',(132.96926593853,77.724155448311,0.));
#125 = DIRECTION('',(0.,0.,-1.));
#126 = DIRECTION('',(6.389817628147E-15,1.,0.));
#127 = CYLINDRICAL_SURFACE('',#128,1.130302260605);
#128 = AXIS2_PLACEMENT_3D('',#129,#130,#131);
#129 = CARTESIAN_POINT('',(132.96926593853,77.724155448311,0.));
#130 = DIRECTION('',(0.,0.,-1.));
#131 = DIRECTION('',(6.389817628147E-15,1.,0.));
#132 = ADVANCED_FACE('',(#133),#158,.T.);
#133 = FACE_BOUND('',#134,.T.);
#134 = EDGE_LOOP('',(#135,#136,#144,#152));
#135 = ORIENTED_EDGE('',*,*,#113,.T.);
#136 = ORIENTED_EDGE('',*,*,#137,.T.);
#137 = EDGE_CURVE('',#105,#138,#140,.T.);
#138 = VERTEX_POINT('',#139);
#139 = CARTESIAN_POINT('',(134.09956819913,19.177038354077,    1.600050800102));
#140 = LINE('',#141,#142);
#141 = CARTESIAN_POINT('',(134.09956819913,77.724155448311,    1.600050800102));
#142 = VECTOR('',#143,1.);
#143 = DIRECTION('',(4.854501953471E-16,-1.,0.));
#144 = ORIENTED_EDGE('',*,*,#145,.F.);
#145 = EDGE_CURVE('',#146,#138,#148,.T.);
#146 = VERTEX_POINT('',#147);
#147 = CARTESIAN_POINT('',(134.09956819913,19.177038354077,0.));
#148 = LINE('',#149,#150);
#149 = CARTESIAN_POINT('',(134.09956819913,19.177038354077,0.));
#150 = VECTOR('',#151,1.);
#151 = DIRECTION('',(0.,0.,1.));
#152 = ORIENTED_EDGE('',*,*,#153,.F.);
#153 = EDGE_CURVE('',#114,#146,#154,.T.);
#154 = LINE('',#155,#156);
#155 = CARTESIAN_POINT('',(134.09956819913,77.724155448311,0.));
#156 = VECTOR('',#157,1.);
#157 = DIRECTION('',(4.854501953471E-16,-1.,0.));
#158 = PLANE('',#159);
#159 = AXIS2_PLACEMENT_3D('',#160,#161,#162);
#160 = CARTESIAN_POINT('',(134.09956819913,77.724155448311,0.));
#161 = DIRECTION('',(1.,4.854501953471E-16,-0.));
#162 = DIRECTION('',(4.854501953471E-16,-1.,0.));
#163 = ADVANCED_FACE('',(#164),#191,.T.);
#164 = FACE_BOUND('',#165,.T.);
#165 = EDGE_LOOP('',(#166,#167,#176,#184));
#166 = ORIENTED_EDGE('',*,*,#145,.T.);
#167 = ORIENTED_EDGE('',*,*,#168,.T.);
#168 = EDGE_CURVE('',#138,#169,#171,.T.);
#169 = VERTEX_POINT('',#170);
#170 = CARTESIAN_POINT('',(132.96926593853,18.046736093472,    1.600050800102));
#171 = CIRCLE('',#172,1.130302260605);
#172 = AXIS2_PLACEMENT_3D('',#173,#174,#175);
#173 = CARTESIAN_POINT('',(132.96926593853,19.177038354077,    1.600050800102));
#174 = DIRECTION('',(0.,0.,-1.));
#175 = DIRECTION('',(1.,-7.917817495748E-15,0.));
#176 = ORIENTED_EDGE('',*,*,#177,.F.);
#177 = EDGE_CURVE('',#178,#169,#180,.T.);
#178 = VERTEX_POINT('',#179);
#179 = CARTESIAN_POINT('',(132.96926593853,18.046736093472,0.));
#180 = LINE('',#181,#182);
#181 = CARTESIAN_POINT('',(132.96926593853,18.046736093472,0.));
#182 = VECTOR('',#183,1.);
#183 = DIRECTION('',(0.,0.,1.));
#184 = ORIENTED_EDGE('',*,*,#185,.F.);
#185 = EDGE_CURVE('',#146,#178,#186,.T.);
#186 = CIRCLE('',#187,1.130302260605);
#187 = AXIS2_PLACEMENT_3D('',#188,#189,#190);
#188 = CARTESIAN_POINT('',(132.96926593853,19.177038354077,0.));
#189 = DIRECTION('',(0.,0.,-1.));
#190 = DIRECTION('',(1.,-7.917817495748E-15,0.));
#191 = CYLINDRICAL_SURFACE('',#192,1.130302260605);
#192 = AXIS2_PLACEMENT_3D('',#193,#194,#195);
#193 = CARTESIAN_POINT('',(132.96926593853,19.177038354077,0.));
#194 = DIRECTION('',(0.,0.,-1.));
#195 = DIRECTION('',(1.,-7.917817495748E-15,0.));
#196 = ADVANCED_FACE('',(#197),#222,.T.);
#197 = FACE_BOUND('',#198,.T.);
#198 = EDGE_LOOP('',(#199,#200,#208,#216));
#199 = ORIENTED_EDGE('',*,*,#177,.T.);
#200 = ORIENTED_EDGE('',*,*,#201,.T.);
#201 = EDGE_CURVE('',#169,#202,#204,.T.);
#202 = VERTEX_POINT('',#203);
#203 = CARTESIAN_POINT('',(8.128016256033,18.046736093472,1.600050800102    ));
#204 = LINE('',#205,#206);
#205 = CARTESIAN_POINT('',(132.96926593853,18.046736093472,    1.600050800102));
#206 = VECTOR('',#207,1.);
#207 = DIRECTION('',(-1.,0.,0.));
#208 = ORIENTED_EDGE('',*,*,#209,.F.);
#209 = EDGE_CURVE('',#210,#202,#212,.T.);
#210 = VERTEX_POINT('',#211);
#211 = CARTESIAN_POINT('',(8.128016256033,18.046736093472,0.));
#212 = LINE('',#213,#214);
#213 = CARTESIAN_POINT('',(8.128016256033,18.046736093472,0.));
#214 = VECTOR('',#215,1.);
#215 = DIRECTION('',(0.,0.,1.));
#216 = ORIENTED_EDGE('',*,*,#217,.F.);
#217 = EDGE_CURVE('',#178,#210,#218,.T.);
#218 = LINE('',#219,#220);
#219 = CARTESIAN_POINT('',(132.96926593853,18.046736093472,0.));
#220 = VECTOR('',#221,1.);
#221 = DIRECTION('',(-1.,0.,0.));
#222 = PLANE('',#223);
#223 = AXIS2_PLACEMENT_3D('',#224,#225,#226);
#224 = CARTESIAN_POINT('',(132.96926593853,18.046736093472,0.));
#225 = DIRECTION('',(0.,-1.,0.));
#226 = DIRECTION('',(-1.,0.,0.));
#227 = ADVANCED_FACE('',(#228),#255,.T.);
#228 = FACE_BOUND('',#229,.T.);
#229 = EDGE_LOOP('',(#230,#231,#240,#248));
#230 = ORIENTED_EDGE('',*,*,#209,.T.);
#231 = ORIENTED_EDGE('',*,*,#232,.T.);
#232 = EDGE_CURVE('',#202,#233,#235,.T.);
#233 = VERTEX_POINT('',#234);
#234 = CARTESIAN_POINT('',(6.997713995428,19.177038354077,1.600050800102    ));
#235 = CIRCLE('',#236,1.130302260605);
#236 = AXIS2_PLACEMENT_3D('',#237,#238,#239);
#237 = CARTESIAN_POINT('',(8.128016256033,19.177038354077,1.600050800102    ));
#238 = DIRECTION('',(-0.,0.,-1.));
#239 = DIRECTION('',(6.945453943638E-16,-1.,-0.));
#240 = ORIENTED_EDGE('',*,*,#241,.F.);
#241 = EDGE_CURVE('',#242,#233,#244,.T.);
#242 = VERTEX_POINT('',#243);
#243 = CARTESIAN_POINT('',(6.997713995428,19.177038354077,0.));
#244 = LINE('',#245,#246);
#245 = CARTESIAN_POINT('',(6.997713995428,19.177038354077,0.));
#246 = VECTOR('',#247,1.);
#247 = DIRECTION('',(0.,0.,1.));
#248 = ORIENTED_EDGE('',*,*,#249,.F.);
#249 = EDGE_CURVE('',#210,#242,#250,.T.);
#250 = CIRCLE('',#251,1.130302260605);
#251 = AXIS2_PLACEMENT_3D('',#252,#253,#254);
#252 = CARTESIAN_POINT('',(8.128016256033,19.177038354077,0.));
#253 = DIRECTION('',(-0.,0.,-1.));
#254 = DIRECTION('',(6.945453943638E-16,-1.,-0.));
#255 = CYLINDRICAL_SURFACE('',#256,1.130302260605);
#256 = AXIS2_PLACEMENT_3D('',#257,#258,#259);
#257 = CARTESIAN_POINT('',(8.128016256033,19.177038354077,0.));
#258 = DIRECTION('',(-0.,0.,-1.));
#259 = DIRECTION('',(6.945453943638E-16,-1.,-0.));
#260 = ADVANCED_FACE('',(#261),#286,.T.);
#261 = FACE_BOUND('',#262,.T.);
#262 = EDGE_LOOP('',(#263,#264,#272,#280));
#263 = ORIENTED_EDGE('',*,*,#241,.T.);
#264 = ORIENTED_EDGE('',*,*,#265,.T.);
#265 = EDGE_CURVE('',#233,#266,#268,.T.);
#266 = VERTEX_POINT('',#267);
#267 = CARTESIAN_POINT('',(6.997713995428,77.724155448311,1.600050800102    ));
#268 = LINE('',#269,#270);
#269 = CARTESIAN_POINT('',(6.997713995428,19.177038354077,1.600050800102    ));
#270 = VECTOR('',#271,1.);
#271 = DIRECTION('',(4.551095581379E-17,1.,0.));
#272 = ORIENTED_EDGE('',*,*,#273,.F.);
#273 = EDGE_CURVE('',#274,#266,#276,.T.);
#274 = VERTEX_POINT('',#275);
#275 = CARTESIAN_POINT('',(6.997713995428,77.724155448311,0.));
#276 = LINE('',#277,#278);
#277 = CARTESIAN_POINT('',(6.997713995428,77.724155448311,0.));
#278 = VECTOR('',#279,1.);
#279 = DIRECTION('',(0.,0.,1.));
#280 = ORIENTED_EDGE('',*,*,#281,.F.);
#281 = EDGE_CURVE('',#242,#274,#282,.T.);
#282 = LINE('',#283,#284);
#283 = CARTESIAN_POINT('',(6.997713995428,19.177038354077,0.));
#284 = VECTOR('',#285,1.);
#285 = DIRECTION('',(4.551095581379E-17,1.,0.));
#286 = PLANE('',#287);
#287 = AXIS2_PLACEMENT_3D('',#288,#289,#290);
#288 = CARTESIAN_POINT('',(6.997713995428,19.177038354077,0.));
#289 = DIRECTION('',(-1.,4.551095581379E-17,0.));
#290 = DIRECTION('',(4.551095581379E-17,1.,0.));
#291 = ADVANCED_FACE('',(#292),#310,.T.);
#292 = FACE_BOUND('',#293,.T.);
#293 = EDGE_LOOP('',(#294,#295,#302,#303));
#294 = ORIENTED_EDGE('',*,*,#273,.T.);
#295 = ORIENTED_EDGE('',*,*,#296,.T.);
#296 = EDGE_CURVE('',#266,#66,#297,.T.);
#297 = CIRCLE('',#298,1.130302260605);
#298 = AXIS2_PLACEMENT_3D('',#299,#300,#301);
#299 = CARTESIAN_POINT('',(8.128016256033,77.724155448311,1.600050800102    ));
#300 = DIRECTION('',(0.,0.,-1.));
#301 = DIRECTION('',(-1.,-1.250181709855E-15,-0.));
#302 = ORIENTED_EDGE('',*,*,#63,.F.);
#303 = ORIENTED_EDGE('',*,*,#304,.F.);
#304 = EDGE_CURVE('',#274,#64,#305,.T.);
#305 = CIRCLE('',#306,1.130302260605);
#306 = AXIS2_PLACEMENT_3D('',#307,#308,#309);
#307 = CARTESIAN_POINT('',(8.128016256033,77.724155448311,0.));
#308 = DIRECTION('',(0.,0.,-1.));
#309 = DIRECTION('',(-1.,-1.250181709855E-15,-0.));
#310 = CYLINDRICAL_SURFACE('',#311,1.130302260605);
#311 = AXIS2_PLACEMENT_3D('',#312,#313,#314);
#312 = CARTESIAN_POINT('',(8.128016256033,77.724155448311,0.));
#313 = DIRECTION('',(0.,0.,-1.));
#314 = DIRECTION('',(-1.,-1.250181709855E-15,-0.));
#315 = ADVANCED_FACE('',(#316),#352,.F.);
#316 = FACE_BOUND('',#317,.T.);
#317 = EDGE_LOOP('',(#318,#328,#337,#345));
#318 = ORIENTED_EDGE('',*,*,#319,.T.);
#319 = EDGE_CURVE('',#320,#322,#324,.T.);
#320 = VERTEX_POINT('',#321);
#321 = CARTESIAN_POINT('',(15.108781611654,72.728106068031,0.));
#322 = VERTEX_POINT('',#323);
#323 = CARTESIAN_POINT('',(15.108781611654,72.728106068031,    1.600050800102));
#324 = LINE('',#325,#326);
#325 = CARTESIAN_POINT('',(15.108781611654,72.728106068031,0.));
#326 = VECTOR('',#327,1.);
#327 = DIRECTION('',(0.,0.,1.));
#328 = ORIENTED_EDGE('',*,*,#329,.T.);
#329 = EDGE_CURVE('',#322,#330,#332,.T.);
#330 = VERTEX_POINT('',#331);
#331 = CARTESIAN_POINT('',(14.608756211603,72.728106068031,    1.600050800102));
#332 = CIRCLE('',#333,0.250012700025);
#333 = AXIS2_PLACEMENT_3D('',#334,#335,#336);
#334 = CARTESIAN_POINT('',(14.858768911628,72.728106068031,    1.600050800102));
#335 = DIRECTION('',(0.,0.,1.));
#336 = DIRECTION('',(1.,1.110223024625E-16,-0.));
#337 = ORIENTED_EDGE('',*,*,#338,.F.);
#338 = EDGE_CURVE('',#339,#330,#341,.T.);
#339 = VERTEX_POINT('',#340);
#340 = CARTESIAN_POINT('',(14.608756211603,72.728106068031,0.));
#341 = LINE('',#342,#343);
#342 = CARTESIAN_POINT('',(14.608756211603,72.728106068031,0.));
#343 = VECTOR('',#344,1.);
#344 = DIRECTION('',(0.,0.,1.));
#345 = ORIENTED_EDGE('',*,*,#346,.F.);
#346 = EDGE_CURVE('',#320,#339,#347,.T.);
#347 = CIRCLE('',#348,0.250012700025);
#348 = AXIS2_PLACEMENT_3D('',#349,#350,#351);
#349 = CARTESIAN_POINT('',(14.858768911628,72.728106068031,0.));
#350 = DIRECTION('',(0.,0.,1.));
#351 = DIRECTION('',(1.,1.110223024625E-16,-0.));
#352 = CYLINDRICAL_SURFACE('',#353,0.250012700025);
#353 = AXIS2_PLACEMENT_3D('',#354,#355,#356);
#354 = CARTESIAN_POINT('',(14.858768911628,72.728106068031,0.));
#355 = DIRECTION('',(-0.,-0.,-1.));
#356 = DIRECTION('',(1.,1.110223024625E-16,-0.));
#357 = ADVANCED_FACE('',(#358),#376,.F.);
#358 = FACE_BOUND('',#359,.T.);
#359 = EDGE_LOOP('',(#360,#361,#368,#369));
#360 = ORIENTED_EDGE('',*,*,#338,.T.);
#361 = ORIENTED_EDGE('',*,*,#362,.T.);
#362 = EDGE_CURVE('',#330,#322,#363,.T.);
#363 = CIRCLE('',#364,0.250012700025);
#364 = AXIS2_PLACEMENT_3D('',#365,#366,#367);
#365 = CARTESIAN_POINT('',(14.858768911628,72.728106068031,    1.600050800102));
#366 = DIRECTION('',(0.,0.,1.));
#367 = DIRECTION('',(-1.,-1.110223024625E-16,0.));
#368 = ORIENTED_EDGE('',*,*,#319,.F.);
#369 = ORIENTED_EDGE('',*,*,#370,.F.);
#370 = EDGE_CURVE('',#339,#320,#371,.T.);
#371 = CIRCLE('',#372,0.250012700025);
#372 = AXIS2_PLACEMENT_3D('',#373,#374,#375);
#373 = CARTESIAN_POINT('',(14.858768911628,72.728106068031,0.));
#374 = DIRECTION('',(0.,0.,1.));
#375 = DIRECTION('',(-1.,-1.110223024625E-16,0.));
#376 = CYLINDRICAL_SURFACE('',#377,0.250012700025);
#377 = AXIS2_PLACEMENT_3D('',#378,#379,#380);
#378 = CARTESIAN_POINT('',(14.858768911628,72.728106068031,0.));
#379 = DIRECTION('',(-0.,-0.,-1.));
#380 = DIRECTION('',(-1.,-1.110223024625E-16,0.));
#381 = ADVANCED_FACE('',(#382),#418,.F.);
#382 = FACE_BOUND('',#383,.T.);
#383 = EDGE_LOOP('',(#384,#394,#403,#411));
#384 = ORIENTED_EDGE('',*,*,#385,.T.);
#385 = EDGE_CURVE('',#386,#388,#390,.T.);
#386 = VERTEX_POINT('',#387);
#387 = CARTESIAN_POINT('',(15.109012703252,70.527932582458,0.));
#388 = VERTEX_POINT('',#389);
#389 = CARTESIAN_POINT('',(15.109012703252,70.527932582458,    1.600050800102));
#390 = LINE('',#391,#392);
#391 = CARTESIAN_POINT('',(15.109012703252,70.527932582458,0.));
#392 = VECTOR('',#393,1.);
#393 = DIRECTION('',(0.,0.,1.));
#394 = ORIENTED_EDGE('',*,*,#395,.T.);
#395 = EDGE_CURVE('',#388,#396,#398,.T.);
#396 = VERTEX_POINT('',#397);
#397 = CARTESIAN_POINT('',(14.608987303201,70.527932582458,    1.600050800102));
#398 = CIRCLE('',#399,0.250012700025);
#399 = AXIS2_PLACEMENT_3D('',#400,#401,#402);
#400 = CARTESIAN_POINT('',(14.859000003226,70.527932582458,    1.600050800102));
#401 = DIRECTION('',(0.,0.,1.));
#402 = DIRECTION('',(1.,1.110223024625E-16,-0.));
#403 = ORIENTED_EDGE('',*,*,#404,.F.);
#404 = EDGE_CURVE('',#405,#396,#407,.T.);
#405 = VERTEX_POINT('',#406);
#406 = CARTESIAN_POINT('',(14.608987303201,70.527932582458,0.));
#407 = LINE('',#408,#409);
#408 = CARTESIAN_POINT('',(14.608987303201,70.527932582458,0.));
#409 = VECTOR('',#410,1.);
#410 = DIRECTION('',(0.,0.,1.));
#411 = ORIENTED_EDGE('',*,*,#412,.F.);
#412 = EDGE_CURVE('',#386,#405,#413,.T.);
#413 = CIRCLE('',#414,0.250012700025);
#414 = AXIS2_PLACEMENT_3D('',#415,#416,#417);
#415 = CARTESIAN_POINT('',(14.859000003226,70.527932582458,0.));
#416 = DIRECTION('',(0.,0.,1.));
#417 = DIRECTION('',(1.,1.110223024625E-16,-0.));
#418 = CYLINDRICAL_SURFACE('',#419,0.250012700025);
#419 = AXIS2_PLACEMENT_3D('',#420,#421,#422);
#420 = CARTESIAN_POINT('',(14.859000003226,70.527932582458,0.));
#421 = DIRECTION('',(-0.,-0.,-1.));
#422 = DIRECTION('',(1.,1.110223024625E-16,-0.));
#423 = ADVANCED_FACE('',(#424),#442,.F.);
#424 = FACE_BOUND('',#425,.T.);
#425 = EDGE_LOOP('',(#426,#427,#434,#435));
#426 = ORIENTED_EDGE('',*,*,#404,.T.);
#427 = ORIENTED_EDGE('',*,*,#428,.T.);
#428 = EDGE_CURVE('',#396,#388,#429,.T.);
#429 = CIRCLE('',#430,0.250012700025);
#430 = AXIS2_PLACEMENT_3D('',#431,#432,#433);
#431 = CARTESIAN_POINT('',(14.859000003226,70.527932582458,    1.600050800102));
#432 = DIRECTION('',(0.,0.,1.));
#433 = DIRECTION('',(-1.,-1.110223024625E-16,0.));
#434 = ORIENTED_EDGE('',*,*,#385,.F.);
#435 = ORIENTED_EDGE('',*,*,#436,.F.);
#436 = EDGE_CURVE('',#405,#386,#437,.T.);
#437 = CIRCLE('',#438,0.250012700025);
#438 = AXIS2_PLACEMENT_3D('',#439,#440,#441);
#439 = CARTESIAN_POINT('',(14.859000003226,70.527932582458,0.));
#440 = DIRECTION('',(0.,0.,1.));
#441 = DIRECTION('',(-1.,-1.110223024625E-16,0.));
#442 = CYLINDRICAL_SURFACE('',#443,0.250012700025);
#443 = AXIS2_PLACEMENT_3D('',#444,#445,#446);
#444 = CARTESIAN_POINT('',(14.859000003226,70.527932582458,0.));
#445 = DIRECTION('',(-0.,-0.,-1.));
#446 = DIRECTION('',(-1.,-1.110223024625E-16,0.));
#447 = ADVANCED_FACE('',(#448),#484,.F.);
#448 = FACE_BOUND('',#449,.T.);
#449 = EDGE_LOOP('',(#450,#460,#469,#477));
#450 = ORIENTED_EDGE('',*,*,#451,.T.);
#451 = EDGE_CURVE('',#452,#454,#456,.T.);
#452 = VERTEX_POINT('',#453);
#453 = CARTESIAN_POINT('',(15.395764085619,25.508017167853,0.));
#454 = VERTEX_POINT('',#455);
#455 = CARTESIAN_POINT('',(15.395764085619,25.508017167853,    1.600050800102));
#456 = LINE('',#457,#458);
#457 = CARTESIAN_POINT('',(15.395764085619,25.508017167853,0.));
#458 = VECTOR('',#459,1.);
#459 = DIRECTION('',(0.,0.,1.));
#460 = ORIENTED_EDGE('',*,*,#461,.T.);
#461 = EDGE_CURVE('',#454,#462,#464,.T.);
#462 = VERTEX_POINT('',#463);
#463 = CARTESIAN_POINT('',(14.895738685568,25.508017167853,    1.600050800102));
#464 = CIRCLE('',#465,0.250012700025);
#465 = AXIS2_PLACEMENT_3D('',#466,#467,#468);
#466 = CARTESIAN_POINT('',(15.145751385593,25.508017167853,    1.600050800102));
#467 = DIRECTION('',(0.,0.,1.));
#468 = DIRECTION('',(1.,1.110223024625E-16,-0.));
#469 = ORIENTED_EDGE('',*,*,#470,.F.);
#470 = EDGE_CURVE('',#471,#462,#473,.T.);
#471 = VERTEX_POINT('',#472);
#472 = CARTESIAN_POINT('',(14.895738685568,25.508017167853,0.));
#473 = LINE('',#474,#475);
#474 = CARTESIAN_POINT('',(14.895738685568,25.508017167853,0.));
#475 = VECTOR('',#476,1.);
#476 = DIRECTION('',(0.,0.,1.));
#477 = ORIENTED_EDGE('',*,*,#478,.F.);
#478 = EDGE_CURVE('',#452,#471,#479,.T.);
#479 = CIRCLE('',#480,0.250012700025);
#480 = AXIS2_PLACEMENT_3D('',#481,#482,#483);
#481 = CARTESIAN_POINT('',(15.145751385593,25.508017167853,0.));
#482 = DIRECTION('',(0.,0.,1.));
#483 = DIRECTION('',(1.,1.110223024625E-16,-0.));
#484 = CYLINDRICAL_SURFACE('',#485,0.250012700025);
#485 = AXIS2_PLACEMENT_3D('',#486,#487,#488);
#486 = CARTESIAN_POINT('',(15.145751385593,25.508017167853,0.));
#487 = DIRECTION('',(-0.,-0.,-1.));
#488 = DIRECTION('',(1.,1.110223024625E-16,-0.));
#489 = ADVANCED_FACE('',(#490),#508,.F.);
#490 = FACE_BOUND('',#491,.T.);
#491 = EDGE_LOOP('',(#492,#493,#500,#501));
#492 = ORIENTED_EDGE('',*,*,#470,.T.);
#493 = ORIENTED_EDGE('',*,*,#494,.T.);
#494 = EDGE_CURVE('',#462,#454,#495,.T.);
#495 = CIRCLE('',#496,0.250012700025);
#496 = AXIS2_PLACEMENT_3D('',#497,#498,#499);
#497 = CARTESIAN_POINT('',(15.145751385593,25.508017167853,    1.600050800102));
#498 = DIRECTION('',(0.,0.,1.));
#499 = DIRECTION('',(-1.,-1.110223024625E-16,0.));
#500 = ORIENTED_EDGE('',*,*,#451,.F.);
#501 = ORIENTED_EDGE('',*,*,#502,.F.);
#502 = EDGE_CURVE('',#471,#452,#503,.T.);
#503 = CIRCLE('',#504,0.250012700025);
#504 = AXIS2_PLACEMENT_3D('',#505,#506,#507);
#505 = CARTESIAN_POINT('',(15.145751385593,25.508017167853,0.));
#506 = DIRECTION('',(0.,0.,1.));
#507 = DIRECTION('',(-1.,-1.110223024625E-16,0.));
#508 = CYLINDRICAL_SURFACE('',#509,0.250012700025);
#509 = AXIS2_PLACEMENT_3D('',#510,#511,#512);
#510 = CARTESIAN_POINT('',(15.145751385593,25.508017167853,0.));
#511 = DIRECTION('',(-0.,-0.,-1.));
#512 = DIRECTION('',(-1.,-1.110223024625E-16,0.));
#513 = ADVANCED_FACE('',(#514),#550,.F.);
#514 = FACE_BOUND('',#515,.T.);
#515 = EDGE_LOOP('',(#516,#526,#535,#543));
#516 = ORIENTED_EDGE('',*,*,#517,.T.);
#517 = EDGE_CURVE('',#518,#520,#522,.T.);
#518 = VERTEX_POINT('',#519);
#519 = CARTESIAN_POINT('',(15.395995177217,23.30784368228,0.));
#520 = VERTEX_POINT('',#521);
#521 = CARTESIAN_POINT('',(15.395995177217,23.30784368228,1.600050800102    ));
#522 = LINE('',#523,#524);
#523 = CARTESIAN_POINT('',(15.395995177217,23.30784368228,0.));
#524 = VECTOR('',#525,1.);
#525 = DIRECTION('',(0.,0.,1.));
#526 = ORIENTED_EDGE('',*,*,#527,.T.);
#527 = EDGE_CURVE('',#520,#528,#530,.T.);
#528 = VERTEX_POINT('',#529);
#529 = CARTESIAN_POINT('',(14.895969777166,23.30784368228,1.600050800102    ));
#530 = CIRCLE('',#531,0.250012700025);
#531 = AXIS2_PLACEMENT_3D('',#532,#533,#534);
#532 = CARTESIAN_POINT('',(15.145982477191,23.30784368228,1.600050800102    ));
#533 = DIRECTION('',(0.,0.,1.));
#534 = DIRECTION('',(1.,1.110223024625E-16,-0.));
#535 = ORIENTED_EDGE('',*,*,#536,.F.);
#536 = EDGE_CURVE('',#537,#528,#539,.T.);
#537 = VERTEX_POINT('',#538);
#538 = CARTESIAN_POINT('',(14.895969777166,23.30784368228,0.));
#539 = LINE('',#540,#541);
#540 = CARTESIAN_POINT('',(14.895969777166,23.30784368228,0.));
#541 = VECTOR('',#542,1.);
#542 = DIRECTION('',(0.,0.,1.));
#543 = ORIENTED_EDGE('',*,*,#544,.F.);
#544 = EDGE_CURVE('',#518,#537,#545,.T.);
#545 = CIRCLE('',#546,0.250012700025);
#546 = AXIS2_PLACEMENT_3D('',#547,#548,#549);
#547 = CARTESIAN_POINT('',(15.145982477191,23.30784368228,0.));
#548 = DIRECTION('',(0.,0.,1.));
#549 = DIRECTION('',(1.,1.110223024625E-16,-0.));
#550 = CYLINDRICAL_SURFACE('',#551,0.250012700025);
#551 = AXIS2_PLACEMENT_3D('',#552,#553,#554);
#552 = CARTESIAN_POINT('',(15.145982477191,23.30784368228,0.));
#553 = DIRECTION('',(-0.,-0.,-1.));
#554 = DIRECTION('',(1.,1.110223024625E-16,-0.));
#555 = ADVANCED_FACE('',(#556),#574,.F.);
#556 = FACE_BOUND('',#557,.T.);
#557 = EDGE_LOOP('',(#558,#559,#566,#567));
#558 = ORIENTED_EDGE('',*,*,#536,.T.);
#559 = ORIENTED_EDGE('',*,*,#560,.T.);
#560 = EDGE_CURVE('',#528,#520,#561,.T.);
#561 = CIRCLE('',#562,0.250012700025);
#562 = AXIS2_PLACEMENT_3D('',#563,#564,#565);
#563 = CARTESIAN_POINT('',(15.145982477191,23.30784368228,1.600050800102    ));
#564 = DIRECTION('',(0.,0.,1.));
#565 = DIRECTION('',(-1.,-1.110223024625E-16,0.));
#566 = ORIENTED_EDGE('',*,*,#517,.F.);
#567 = ORIENTED_EDGE('',*,*,#568,.F.);
#568 = EDGE_CURVE('',#537,#518,#569,.T.);
#569 = CIRCLE('',#570,0.250012700025);
#570 = AXIS2_PLACEMENT_3D('',#571,#572,#573);
#571 = CARTESIAN_POINT('',(15.145982477191,23.30784368228,0.));
#572 = DIRECTION('',(0.,0.,1.));
#573 = DIRECTION('',(-1.,-1.110223024625E-16,0.));
#574 = CYLINDRICAL_SURFACE('',#575,0.250012700025);
#575 = AXIS2_PLACEMENT_3D('',#576,#577,#578);
#576 = CARTESIAN_POINT('',(15.145982477191,23.30784368228,0.));
#577 = DIRECTION('',(-0.,-0.,-1.));
#578 = DIRECTION('',(-1.,-1.110223024625E-16,0.));
#579 = ADVANCED_FACE('',(#580),#616,.F.);
#580 = FACE_BOUND('',#581,.T.);
#581 = EDGE_LOOP('',(#582,#592,#601,#609));
#582 = ORIENTED_EDGE('',*,*,#583,.T.);
#583 = EDGE_CURVE('',#584,#586,#588,.T.);
#584 = VERTEX_POINT('',#585);
#585 = CARTESIAN_POINT('',(18.314071628143,71.628219456439,0.));
#586 = VERTEX_POINT('',#587);
#587 = CARTESIAN_POINT('',(18.314071628143,71.628219456439,    1.600050800102));
#588 = LINE('',#589,#590);
#589 = CARTESIAN_POINT('',(18.314071628143,71.628219456439,0.));
#590 = VECTOR('',#591,1.);
#591 = DIRECTION('',(0.,0.,1.));
#592 = ORIENTED_EDGE('',*,*,#593,.T.);
#593 = EDGE_CURVE('',#586,#594,#596,.T.);
#594 = VERTEX_POINT('',#595);
#595 = CARTESIAN_POINT('',(15.214046228092,71.628219456439,    1.600050800102));
#596 = CIRCLE('',#597,1.550012700025);
#597 = AXIS2_PLACEMENT_3D('',#598,#599,#600);
#598 = CARTESIAN_POINT('',(16.764058928118,71.628219456439,    1.600050800102));
#599 = DIRECTION('',(0.,0.,1.));
#600 = DIRECTION('',(1.,1.110223024625E-16,-0.));
#601 = ORIENTED_EDGE('',*,*,#602,.F.);
#602 = EDGE_CURVE('',#603,#594,#605,.T.);
#603 = VERTEX_POINT('',#604);
#604 = CARTESIAN_POINT('',(15.214046228092,71.628219456439,0.));
#605 = LINE('',#606,#607);
#606 = CARTESIAN_POINT('',(15.214046228092,71.628219456439,0.));
#607 = VECTOR('',#608,1.);
#608 = DIRECTION('',(0.,0.,1.));
#609 = ORIENTED_EDGE('',*,*,#610,.F.);
#610 = EDGE_CURVE('',#584,#603,#611,.T.);
#611 = CIRCLE('',#612,1.550012700025);
#612 = AXIS2_PLACEMENT_3D('',#613,#614,#615);
#613 = CARTESIAN_POINT('',(16.764058928118,71.628219456439,0.));
#614 = DIRECTION('',(0.,0.,1.));
#615 = DIRECTION('',(1.,1.110223024625E-16,-0.));
#616 = CYLINDRICAL_SURFACE('',#617,1.550012700025);
#617 = AXIS2_PLACEMENT_3D('',#618,#619,#620);
#618 = CARTESIAN_POINT('',(16.764058928118,71.628219456439,0.));
#619 = DIRECTION('',(-0.,-0.,-1.));
#620 = DIRECTION('',(1.,1.110223024625E-16,-0.));
#621 = ADVANCED_FACE('',(#622),#640,.F.);
#622 = FACE_BOUND('',#623,.T.);
#623 = EDGE_LOOP('',(#624,#625,#632,#633));
#624 = ORIENTED_EDGE('',*,*,#602,.T.);
#625 = ORIENTED_EDGE('',*,*,#626,.T.);
#626 = EDGE_CURVE('',#594,#586,#627,.T.);
#627 = CIRCLE('',#628,1.550012700025);
#628 = AXIS2_PLACEMENT_3D('',#629,#630,#631);
#629 = CARTESIAN_POINT('',(16.764058928118,71.628219456439,    1.600050800102));
#630 = DIRECTION('',(0.,0.,1.));
#631 = DIRECTION('',(-1.,-1.110223024625E-16,0.));
#632 = ORIENTED_EDGE('',*,*,#583,.F.);
#633 = ORIENTED_EDGE('',*,*,#634,.F.);
#634 = EDGE_CURVE('',#603,#584,#635,.T.);
#635 = CIRCLE('',#636,1.550012700025);
#636 = AXIS2_PLACEMENT_3D('',#637,#638,#639);
#637 = CARTESIAN_POINT('',(16.764058928118,71.628219456439,0.));
#638 = DIRECTION('',(0.,0.,1.));
#639 = DIRECTION('',(-1.,-1.110223024625E-16,0.));
#640 = CYLINDRICAL_SURFACE('',#641,1.550012700025);
#641 = AXIS2_PLACEMENT_3D('',#642,#643,#644);
#642 = CARTESIAN_POINT('',(16.764058928118,71.628219456439,0.));
#643 = DIRECTION('',(-0.,-0.,-1.));
#644 = DIRECTION('',(-1.,-1.110223024625E-16,0.));
#645 = ADVANCED_FACE('',(#646),#682,.F.);
#646 = FACE_BOUND('',#647,.T.);
#647 = EDGE_LOOP('',(#648,#658,#667,#675));
#648 = ORIENTED_EDGE('',*,*,#649,.T.);
#649 = EDGE_CURVE('',#650,#652,#654,.T.);
#650 = VERTEX_POINT('',#651);
#651 = CARTESIAN_POINT('',(18.601054102108,24.408130556261,0.));
#652 = VERTEX_POINT('',#653);
#653 = CARTESIAN_POINT('',(18.601054102108,24.408130556261,    1.600050800102));
#654 = LINE('',#655,#656);
#655 = CARTESIAN_POINT('',(18.601054102108,24.408130556261,0.));
#656 = VECTOR('',#657,1.);
#657 = DIRECTION('',(0.,0.,1.));
#658 = ORIENTED_EDGE('',*,*,#659,.T.);
#659 = EDGE_CURVE('',#652,#660,#662,.T.);
#660 = VERTEX_POINT('',#661);
#661 = CARTESIAN_POINT('',(15.501028702057,24.408130556261,    1.600050800102));
#662 = CIRCLE('',#663,1.550012700025);
#663 = AXIS2_PLACEMENT_3D('',#664,#665,#666);
#664 = CARTESIAN_POINT('',(17.051041402083,24.408130556261,    1.600050800102));
#665 = DIRECTION('',(0.,0.,1.));
#666 = DIRECTION('',(1.,1.110223024625E-16,-0.));
#667 = ORIENTED_EDGE('',*,*,#668,.F.);
#668 = EDGE_CURVE('',#669,#660,#671,.T.);
#669 = VERTEX_POINT('',#670);
#670 = CARTESIAN_POINT('',(15.501028702057,24.408130556261,0.));
#671 = LINE('',#672,#673);
#672 = CARTESIAN_POINT('',(15.501028702057,24.408130556261,0.));
#673 = VECTOR('',#674,1.);
#674 = DIRECTION('',(0.,0.,1.));
#675 = ORIENTED_EDGE('',*,*,#676,.F.);
#676 = EDGE_CURVE('',#650,#669,#677,.T.);
#677 = CIRCLE('',#678,1.550012700025);
#678 = AXIS2_PLACEMENT_3D('',#679,#680,#681);
#679 = CARTESIAN_POINT('',(17.051041402083,24.408130556261,0.));
#680 = DIRECTION('',(0.,0.,1.));
#681 = DIRECTION('',(1.,1.110223024625E-16,-0.));
#682 = CYLINDRICAL_SURFACE('',#683,1.550012700025);
#683 = AXIS2_PLACEMENT_3D('',#684,#685,#686);
#684 = CARTESIAN_POINT('',(17.051041402083,24.408130556261,0.));
#685 = DIRECTION('',(-0.,-0.,-1.));
#686 = DIRECTION('',(1.,1.110223024625E-16,-0.));
#687 = ADVANCED_FACE('',(#688),#706,.F.);
#688 = FACE_BOUND('',#689,.T.);
#689 = EDGE_LOOP('',(#690,#691,#698,#699));
#690 = ORIENTED_EDGE('',*,*,#668,.T.);
#691 = ORIENTED_EDGE('',*,*,#692,.T.);
#692 = EDGE_CURVE('',#660,#652,#693,.T.);
#693 = CIRCLE('',#694,1.550012700025);
#694 = AXIS2_PLACEMENT_3D('',#695,#696,#697);
#695 = CARTESIAN_POINT('',(17.051041402083,24.408130556261,    1.600050800102));
#696 = DIRECTION('',(0.,0.,1.));
#697 = DIRECTION('',(-1.,-1.110223024625E-16,0.));
#698 = ORIENTED_EDGE('',*,*,#649,.F.);
#699 = ORIENTED_EDGE('',*,*,#700,.F.);
#700 = EDGE_CURVE('',#669,#650,#701,.T.);
#701 = CIRCLE('',#702,1.550012700025);
#702 = AXIS2_PLACEMENT_3D('',#703,#704,#705);
#703 = CARTESIAN_POINT('',(17.051041402083,24.408130556261,0.));
#704 = DIRECTION('',(0.,0.,1.));
#705 = DIRECTION('',(-1.,-1.110223024625E-16,0.));
#706 = CYLINDRICAL_SURFACE('',#707,1.550012700025);
#707 = AXIS2_PLACEMENT_3D('',#708,#709,#710);
#708 = CARTESIAN_POINT('',(17.051041402083,24.408130556261,0.));
#709 = DIRECTION('',(-0.,-0.,-1.));
#710 = DIRECTION('',(-1.,-1.110223024625E-16,0.));
#711 = ADVANCED_FACE('',(#712),#748,.F.);
#712 = FACE_BOUND('',#713,.T.);
#713 = EDGE_LOOP('',(#714,#724,#733,#741));
#714 = ORIENTED_EDGE('',*,*,#715,.T.);
#715 = EDGE_CURVE('',#716,#718,#720,.T.);
#716 = VERTEX_POINT('',#717);
#717 = CARTESIAN_POINT('',(17.014020828042,69.428321056642,0.));
#718 = VERTEX_POINT('',#719);
#719 = CARTESIAN_POINT('',(17.014020828042,69.428321056642,    1.600050800102));
#720 = LINE('',#721,#722);
#721 = CARTESIAN_POINT('',(17.014020828042,69.428321056642,0.));
#722 = VECTOR('',#723,1.);
#723 = DIRECTION('',(0.,0.,1.));
#724 = ORIENTED_EDGE('',*,*,#725,.T.);
#725 = EDGE_CURVE('',#718,#726,#728,.T.);
#726 = VERTEX_POINT('',#727);
#727 = CARTESIAN_POINT('',(16.513995427991,69.428321056642,    1.600050800102));
#728 = CIRCLE('',#729,0.250012700025);
#729 = AXIS2_PLACEMENT_3D('',#730,#731,#732);
#730 = CARTESIAN_POINT('',(16.764008128016,69.428321056642,    1.600050800102));
#731 = DIRECTION('',(0.,0.,1.));
#732 = DIRECTION('',(1.,1.110223024625E-16,-0.));
#733 = ORIENTED_EDGE('',*,*,#734,.F.);
#734 = EDGE_CURVE('',#735,#726,#737,.T.);
#735 = VERTEX_POINT('',#736);
#736 = CARTESIAN_POINT('',(16.513995427991,69.428321056642,0.));
#737 = LINE('',#738,#739);
#738 = CARTESIAN_POINT('',(16.513995427991,69.428321056642,0.));
#739 = VECTOR('',#740,1.);
#740 = DIRECTION('',(0.,0.,1.));
#741 = ORIENTED_EDGE('',*,*,#742,.F.);
#742 = EDGE_CURVE('',#716,#735,#743,.T.);
#743 = CIRCLE('',#744,0.250012700025);
#744 = AXIS2_PLACEMENT_3D('',#745,#746,#747);
#745 = CARTESIAN_POINT('',(16.764008128016,69.428321056642,0.));
#746 = DIRECTION('',(0.,0.,1.));
#747 = DIRECTION('',(1.,1.110223024625E-16,-0.));
#748 = CYLINDRICAL_SURFACE('',#749,0.250012700025);
#749 = AXIS2_PLACEMENT_3D('',#750,#751,#752);
#750 = CARTESIAN_POINT('',(16.764008128016,69.428321056642,0.));
#751 = DIRECTION('',(-0.,-0.,-1.));
#752 = DIRECTION('',(1.,1.110223024625E-16,-0.));
#753 = ADVANCED_FACE('',(#754),#772,.F.);
#754 = FACE_BOUND('',#755,.T.);
#755 = EDGE_LOOP('',(#756,#757,#764,#765));
#756 = ORIENTED_EDGE('',*,*,#734,.T.);
#757 = ORIENTED_EDGE('',*,*,#758,.T.);
#758 = EDGE_CURVE('',#726,#718,#759,.T.);
#759 = CIRCLE('',#760,0.250012700025);
#760 = AXIS2_PLACEMENT_3D('',#761,#762,#763);
#761 = CARTESIAN_POINT('',(16.764008128016,69.428321056642,    1.600050800102));
#762 = DIRECTION('',(0.,0.,1.));
#763 = DIRECTION('',(-1.,-1.110223024625E-16,0.));
#764 = ORIENTED_EDGE('',*,*,#715,.F.);
#765 = ORIENTED_EDGE('',*,*,#766,.F.);
#766 = EDGE_CURVE('',#735,#716,#767,.T.);
#767 = CIRCLE('',#768,0.250012700025);
#768 = AXIS2_PLACEMENT_3D('',#769,#770,#771);
#769 = CARTESIAN_POINT('',(16.764008128016,69.428321056642,0.));
#770 = DIRECTION('',(0.,0.,1.));
#771 = DIRECTION('',(-1.,-1.110223024625E-16,0.));
#772 = CYLINDRICAL_SURFACE('',#773,0.250012700025);
#773 = AXIS2_PLACEMENT_3D('',#774,#775,#776);
#774 = CARTESIAN_POINT('',(16.764008128016,69.428321056642,0.));
#775 = DIRECTION('',(-0.,-0.,-1.));
#776 = DIRECTION('',(-1.,-1.110223024625E-16,0.));
#777 = ADVANCED_FACE('',(#778),#814,.F.);
#778 = FACE_BOUND('',#779,.T.);
#779 = EDGE_LOOP('',(#780,#790,#799,#807));
#780 = ORIENTED_EDGE('',*,*,#781,.T.);
#781 = EDGE_CURVE('',#782,#784,#786,.T.);
#782 = VERTEX_POINT('',#783);
#783 = CARTESIAN_POINT('',(17.014046228092,73.828371856744,0.));
#784 = VERTEX_POINT('',#785);
#785 = CARTESIAN_POINT('',(17.014046228092,73.828371856744,    1.600050800102));
#786 = LINE('',#787,#788);
#787 = CARTESIAN_POINT('',(17.014046228092,73.828371856744,0.));
#788 = VECTOR('',#789,1.);
#789 = DIRECTION('',(0.,0.,1.));
#790 = ORIENTED_EDGE('',*,*,#791,.T.);
#791 = EDGE_CURVE('',#784,#792,#794,.T.);
#792 = VERTEX_POINT('',#793);
#793 = CARTESIAN_POINT('',(16.514020828042,73.828371856744,    1.600050800102));
#794 = CIRCLE('',#795,0.250012700025);
#795 = AXIS2_PLACEMENT_3D('',#796,#797,#798);
#796 = CARTESIAN_POINT('',(16.764033528067,73.828371856744,    1.600050800102));
#797 = DIRECTION('',(0.,0.,1.));
#798 = DIRECTION('',(1.,1.110223024625E-16,-0.));
#799 = ORIENTED_EDGE('',*,*,#800,.F.);
#800 = EDGE_CURVE('',#801,#792,#803,.T.);
#801 = VERTEX_POINT('',#802);
#802 = CARTESIAN_POINT('',(16.514020828042,73.828371856744,0.));
#803 = LINE('',#804,#805);
#804 = CARTESIAN_POINT('',(16.514020828042,73.828371856744,0.));
#805 = VECTOR('',#806,1.);
#806 = DIRECTION('',(0.,0.,1.));
#807 = ORIENTED_EDGE('',*,*,#808,.F.);
#808 = EDGE_CURVE('',#782,#801,#809,.T.);
#809 = CIRCLE('',#810,0.250012700025);
#810 = AXIS2_PLACEMENT_3D('',#811,#812,#813);
#811 = CARTESIAN_POINT('',(16.764033528067,73.828371856744,0.));
#812 = DIRECTION('',(0.,0.,1.));
#813 = DIRECTION('',(1.,1.110223024625E-16,-0.));
#814 = CYLINDRICAL_SURFACE('',#815,0.250012700025);
#815 = AXIS2_PLACEMENT_3D('',#816,#817,#818);
#816 = CARTESIAN_POINT('',(16.764033528067,73.828371856744,0.));
#817 = DIRECTION('',(-0.,-0.,-1.));
#818 = DIRECTION('',(1.,1.110223024625E-16,-0.));
#819 = ADVANCED_FACE('',(#820),#838,.F.);
#820 = FACE_BOUND('',#821,.T.);
#821 = EDGE_LOOP('',(#822,#823,#830,#831));
#822 = ORIENTED_EDGE('',*,*,#800,.T.);
#823 = ORIENTED_EDGE('',*,*,#824,.T.);
#824 = EDGE_CURVE('',#792,#784,#825,.T.);
#825 = CIRCLE('',#826,0.250012700025);
#826 = AXIS2_PLACEMENT_3D('',#827,#828,#829);
#827 = CARTESIAN_POINT('',(16.764033528067,73.828371856744,    1.600050800102));
#828 = DIRECTION('',(0.,0.,1.));
#829 = DIRECTION('',(-1.,-1.110223024625E-16,0.));
#830 = ORIENTED_EDGE('',*,*,#781,.F.);
#831 = ORIENTED_EDGE('',*,*,#832,.F.);
#832 = EDGE_CURVE('',#801,#782,#833,.T.);
#833 = CIRCLE('',#834,0.250012700025);
#834 = AXIS2_PLACEMENT_3D('',#835,#836,#837);
#835 = CARTESIAN_POINT('',(16.764033528067,73.828371856744,0.));
#836 = DIRECTION('',(0.,0.,1.));
#837 = DIRECTION('',(-1.,-1.110223024625E-16,0.));
#838 = CYLINDRICAL_SURFACE('',#839,0.250012700025);
#839 = AXIS2_PLACEMENT_3D('',#840,#841,#842);
#840 = CARTESIAN_POINT('',(16.764033528067,73.828371856744,0.));
#841 = DIRECTION('',(-0.,-0.,-1.));
#842 = DIRECTION('',(-1.,-1.110223024625E-16,0.));
#843 = ADVANCED_FACE('',(#844),#880,.F.);
#844 = FACE_BOUND('',#845,.T.);
#845 = EDGE_LOOP('',(#846,#856,#865,#873));
#846 = ORIENTED_EDGE('',*,*,#847,.T.);
#847 = EDGE_CURVE('',#848,#850,#852,.T.);
#848 = VERTEX_POINT('',#849);
#849 = CARTESIAN_POINT('',(17.301003302007,22.208232156464,0.));
#850 = VERTEX_POINT('',#851);
#851 = CARTESIAN_POINT('',(17.301003302007,22.208232156464,    1.600050800102));
#852 = LINE('',#853,#854);
#853 = CARTESIAN_POINT('',(17.301003302007,22.208232156464,0.));
#854 = VECTOR('',#855,1.);
#855 = DIRECTION('',(0.,0.,1.));
#856 = ORIENTED_EDGE('',*,*,#857,.T.);
#857 = EDGE_CURVE('',#850,#858,#860,.T.);
#858 = VERTEX_POINT('',#859);
#859 = CARTESIAN_POINT('',(16.800977901956,22.208232156464,    1.600050800102));
#860 = CIRCLE('',#861,0.250012700025);
#861 = AXIS2_PLACEMENT_3D('',#862,#863,#864);
#862 = CARTESIAN_POINT('',(17.050990601981,22.208232156464,    1.600050800102));
#863 = DIRECTION('',(0.,0.,1.));
#864 = DIRECTION('',(1.,1.110223024625E-16,-0.));
#865 = ORIENTED_EDGE('',*,*,#866,.F.);
#866 = EDGE_CURVE('',#867,#858,#869,.T.);
#867 = VERTEX_POINT('',#868);
#868 = CARTESIAN_POINT('',(16.800977901956,22.208232156464,0.));
#869 = LINE('',#870,#871);
#870 = CARTESIAN_POINT('',(16.800977901956,22.208232156464,0.));
#871 = VECTOR('',#872,1.);
#872 = DIRECTION('',(0.,0.,1.));
#873 = ORIENTED_EDGE('',*,*,#874,.F.);
#874 = EDGE_CURVE('',#848,#867,#875,.T.);
#875 = CIRCLE('',#876,0.250012700025);
#876 = AXIS2_PLACEMENT_3D('',#877,#878,#879);
#877 = CARTESIAN_POINT('',(17.050990601981,22.208232156464,0.));
#878 = DIRECTION('',(0.,0.,1.));
#879 = DIRECTION('',(1.,1.110223024625E-16,-0.));
#880 = CYLINDRICAL_SURFACE('',#881,0.250012700025);
#881 = AXIS2_PLACEMENT_3D('',#882,#883,#884);
#882 = CARTESIAN_POINT('',(17.050990601981,22.208232156464,0.));
#883 = DIRECTION('',(-0.,-0.,-1.));
#884 = DIRECTION('',(1.,1.110223024625E-16,-0.));
#885 = ADVANCED_FACE('',(#886),#904,.F.);
#886 = FACE_BOUND('',#887,.T.);
#887 = EDGE_LOOP('',(#888,#889,#896,#897));
#888 = ORIENTED_EDGE('',*,*,#866,.T.);
#889 = ORIENTED_EDGE('',*,*,#890,.T.);
#890 = EDGE_CURVE('',#858,#850,#891,.T.);
#891 = CIRCLE('',#892,0.250012700025);
#892 = AXIS2_PLACEMENT_3D('',#893,#894,#895);
#893 = CARTESIAN_POINT('',(17.050990601981,22.208232156464,    1.600050800102));
#894 = DIRECTION('',(0.,0.,1.));
#895 = DIRECTION('',(-1.,-1.110223024625E-16,0.));
#896 = ORIENTED_EDGE('',*,*,#847,.F.);
#897 = ORIENTED_EDGE('',*,*,#898,.F.);
#898 = EDGE_CURVE('',#867,#848,#899,.T.);
#899 = CIRCLE('',#900,0.250012700025);
#900 = AXIS2_PLACEMENT_3D('',#901,#902,#903);
#901 = CARTESIAN_POINT('',(17.050990601981,22.208232156464,0.));
#902 = DIRECTION('',(0.,0.,1.));
#903 = DIRECTION('',(-1.,-1.110223024625E-16,0.));
#904 = CYLINDRICAL_SURFACE('',#905,0.250012700025);
#905 = AXIS2_PLACEMENT_3D('',#906,#907,#908);
#906 = CARTESIAN_POINT('',(17.050990601981,22.208232156464,0.));
#907 = DIRECTION('',(-0.,-0.,-1.));
#908 = DIRECTION('',(-1.,-1.110223024625E-16,0.));
#909 = ADVANCED_FACE('',(#910),#946,.F.);
#910 = FACE_BOUND('',#911,.T.);
#911 = EDGE_LOOP('',(#912,#922,#931,#939));
#912 = ORIENTED_EDGE('',*,*,#913,.T.);
#913 = EDGE_CURVE('',#914,#916,#918,.T.);
#914 = VERTEX_POINT('',#915);
#915 = CARTESIAN_POINT('',(17.301028702057,26.608282956566,0.));
#916 = VERTEX_POINT('',#917);
#917 = CARTESIAN_POINT('',(17.301028702057,26.608282956566,    1.600050800102));
#918 = LINE('',#919,#920);
#919 = CARTESIAN_POINT('',(17.301028702057,26.608282956566,0.));
#920 = VECTOR('',#921,1.);
#921 = DIRECTION('',(0.,0.,1.));
#922 = ORIENTED_EDGE('',*,*,#923,.T.);
#923 = EDGE_CURVE('',#916,#924,#926,.T.);
#924 = VERTEX_POINT('',#925);
#925 = CARTESIAN_POINT('',(16.801003302007,26.608282956566,    1.600050800102));
#926 = CIRCLE('',#927,0.250012700025);
#927 = AXIS2_PLACEMENT_3D('',#928,#929,#930);
#928 = CARTESIAN_POINT('',(17.051016002032,26.608282956566,    1.600050800102));
#929 = DIRECTION('',(0.,0.,1.));
#930 = DIRECTION('',(1.,1.110223024625E-16,-0.));
#931 = ORIENTED_EDGE('',*,*,#932,.F.);
#932 = EDGE_CURVE('',#933,#924,#935,.T.);
#933 = VERTEX_POINT('',#934);
#934 = CARTESIAN_POINT('',(16.801003302007,26.608282956566,0.));
#935 = LINE('',#936,#937);
#936 = CARTESIAN_POINT('',(16.801003302007,26.608282956566,0.));
#937 = VECTOR('',#938,1.);
#938 = DIRECTION('',(0.,0.,1.));
#939 = ORIENTED_EDGE('',*,*,#940,.F.);
#940 = EDGE_CURVE('',#914,#933,#941,.T.);
#941 = CIRCLE('',#942,0.250012700025);
#942 = AXIS2_PLACEMENT_3D('',#943,#944,#945);
#943 = CARTESIAN_POINT('',(17.051016002032,26.608282956566,0.));
#944 = DIRECTION('',(0.,0.,1.));
#945 = DIRECTION('',(1.,1.110223024625E-16,-0.));
#946 = CYLINDRICAL_SURFACE('',#947,0.250012700025);
#947 = AXIS2_PLACEMENT_3D('',#948,#949,#950);
#948 = CARTESIAN_POINT('',(17.051016002032,26.608282956566,0.));
#949 = DIRECTION('',(-0.,-0.,-1.));
#950 = DIRECTION('',(1.,1.110223024625E-16,-0.));
#951 = ADVANCED_FACE('',(#952),#970,.F.);
#952 = FACE_BOUND('',#953,.T.);
#953 = EDGE_LOOP('',(#954,#955,#962,#963));
#954 = ORIENTED_EDGE('',*,*,#932,.T.);
#955 = ORIENTED_EDGE('',*,*,#956,.T.);
#956 = EDGE_CURVE('',#924,#916,#957,.T.);
#957 = CIRCLE('',#958,0.250012700025);
#958 = AXIS2_PLACEMENT_3D('',#959,#960,#961);
#959 = CARTESIAN_POINT('',(17.051016002032,26.608282956566,    1.600050800102));
#960 = DIRECTION('',(0.,0.,1.));
#961 = DIRECTION('',(-1.,-1.110223024625E-16,0.));
#962 = ORIENTED_EDGE('',*,*,#913,.F.);
#963 = ORIENTED_EDGE('',*,*,#964,.F.);
#964 = EDGE_CURVE('',#933,#914,#965,.T.);
#965 = CIRCLE('',#966,0.250012700025);
#966 = AXIS2_PLACEMENT_3D('',#967,#968,#969);
#967 = CARTESIAN_POINT('',(17.051016002032,26.608282956566,0.));
#968 = DIRECTION('',(0.,0.,1.));
#969 = DIRECTION('',(-1.,-1.110223024625E-16,0.));
#970 = CYLINDRICAL_SURFACE('',#971,0.250012700025);
#971 = AXIS2_PLACEMENT_3D('',#972,#973,#974);
#972 = CARTESIAN_POINT('',(17.051016002032,26.608282956566,0.));
#973 = DIRECTION('',(-0.,-0.,-1.));
#974 = DIRECTION('',(-1.,-1.110223024625E-16,0.));
#975 = ADVANCED_FACE('',(#976),#1012,.F.);
#976 = FACE_BOUND('',#977,.T.);
#977 = EDGE_LOOP('',(#978,#988,#997,#1005));
#978 = ORIENTED_EDGE('',*,*,#979,.T.);
#979 = EDGE_CURVE('',#980,#982,#984,.T.);
#980 = VERTEX_POINT('',#981);
#981 = CARTESIAN_POINT('',(18.919178861996,70.528256644694,0.));
#982 = VERTEX_POINT('',#983);
#983 = CARTESIAN_POINT('',(18.919178861996,70.528256644694,    1.600050800102));
#984 = LINE('',#985,#986);
#985 = CARTESIAN_POINT('',(18.919178861996,70.528256644694,0.));
#986 = VECTOR('',#987,1.);
#987 = DIRECTION('',(0.,0.,1.));
#988 = ORIENTED_EDGE('',*,*,#989,.T.);
#989 = EDGE_CURVE('',#982,#990,#992,.T.);
#990 = VERTEX_POINT('',#991);
#991 = CARTESIAN_POINT('',(18.419153461945,70.528256644694,    1.600050800102));
#992 = CIRCLE('',#993,0.250012700025);
#993 = AXIS2_PLACEMENT_3D('',#994,#995,#996);
#994 = CARTESIAN_POINT('',(18.66916616197,70.528256644694,1.600050800102    ));
#995 = DIRECTION('',(0.,0.,1.));
#996 = DIRECTION('',(1.,1.110223024625E-16,-0.));
#997 = ORIENTED_EDGE('',*,*,#998,.F.);
#998 = EDGE_CURVE('',#999,#990,#1001,.T.);
#999 = VERTEX_POINT('',#1000);
#1000 = CARTESIAN_POINT('',(18.419153461945,70.528256644694,0.));
#1001 = LINE('',#1002,#1003);
#1002 = CARTESIAN_POINT('',(18.419153461945,70.528256644694,0.));
#1003 = VECTOR('',#1004,1.);
#1004 = DIRECTION('',(0.,0.,1.));
#1005 = ORIENTED_EDGE('',*,*,#1006,.F.);
#1006 = EDGE_CURVE('',#980,#999,#1007,.T.);
#1007 = CIRCLE('',#1008,0.250012700025);
#1008 = AXIS2_PLACEMENT_3D('',#1009,#1010,#1011);
#1009 = CARTESIAN_POINT('',(18.66916616197,70.528256644694,0.));
#1010 = DIRECTION('',(0.,0.,1.));
#1011 = DIRECTION('',(1.,1.110223024625E-16,-0.));
#1012 = CYLINDRICAL_SURFACE('',#1013,0.250012700025);
#1013 = AXIS2_PLACEMENT_3D('',#1014,#1015,#1016);
#1014 = CARTESIAN_POINT('',(18.66916616197,70.528256644694,0.));
#1015 = DIRECTION('',(-0.,-0.,-1.));
#1016 = DIRECTION('',(1.,1.110223024625E-16,-0.));
#1017 = ADVANCED_FACE('',(#1018),#1036,.F.);
#1018 = FACE_BOUND('',#1019,.T.);
#1019 = EDGE_LOOP('',(#1020,#1021,#1028,#1029));
#1020 = ORIENTED_EDGE('',*,*,#998,.T.);
#1021 = ORIENTED_EDGE('',*,*,#1022,.T.);
#1022 = EDGE_CURVE('',#990,#982,#1023,.T.);
#1023 = CIRCLE('',#1024,0.250012700025);
#1024 = AXIS2_PLACEMENT_3D('',#1025,#1026,#1027);
#1025 = CARTESIAN_POINT('',(18.66916616197,70.528256644694,    1.600050800102));
#1026 = DIRECTION('',(0.,0.,1.));
#1027 = DIRECTION('',(-1.,-1.110223024625E-16,0.));
#1028 = ORIENTED_EDGE('',*,*,#979,.F.);
#1029 = ORIENTED_EDGE('',*,*,#1030,.F.);
#1030 = EDGE_CURVE('',#999,#980,#1031,.T.);
#1031 = CIRCLE('',#1032,0.250012700025);
#1032 = AXIS2_PLACEMENT_3D('',#1033,#1034,#1035);
#1033 = CARTESIAN_POINT('',(18.66916616197,70.528256644694,0.));
#1034 = DIRECTION('',(0.,0.,1.));
#1035 = DIRECTION('',(-1.,-1.110223024625E-16,0.));
#1036 = CYLINDRICAL_SURFACE('',#1037,0.250012700025);
#1037 = AXIS2_PLACEMENT_3D('',#1038,#1039,#1040);
#1038 = CARTESIAN_POINT('',(18.66916616197,70.528256644694,0.));
#1039 = DIRECTION('',(-0.,-0.,-1.));
#1040 = DIRECTION('',(-1.,-1.110223024625E-16,0.));
#1041 = ADVANCED_FACE('',(#1042),#1078,.F.);
#1042 = FACE_BOUND('',#1043,.T.);
#1043 = EDGE_LOOP('',(#1044,#1054,#1063,#1071));
#1044 = ORIENTED_EDGE('',*,*,#1045,.T.);
#1045 = EDGE_CURVE('',#1046,#1048,#1050,.T.);
#1046 = VERTEX_POINT('',#1047);
#1047 = CARTESIAN_POINT('',(18.919206753187,72.728133959223,0.));
#1048 = VERTEX_POINT('',#1049);
#1049 = CARTESIAN_POINT('',(18.919206753187,72.728133959223,    1.600050800102));
#1050 = LINE('',#1051,#1052);
#1051 = CARTESIAN_POINT('',(18.919206753187,72.728133959223,0.));
#1052 = VECTOR('',#1053,1.);
#1053 = DIRECTION('',(0.,0.,1.));
#1054 = ORIENTED_EDGE('',*,*,#1055,.T.);
#1055 = EDGE_CURVE('',#1048,#1056,#1058,.T.);
#1056 = VERTEX_POINT('',#1057);
#1057 = CARTESIAN_POINT('',(18.419181353136,72.728133959223,    1.600050800102));
#1058 = CIRCLE('',#1059,0.250012700025);
#1059 = AXIS2_PLACEMENT_3D('',#1060,#1061,#1062);
#1060 = CARTESIAN_POINT('',(18.669194053162,72.728133959223,    1.600050800102));
#1061 = DIRECTION('',(0.,0.,1.));
#1062 = DIRECTION('',(1.,1.110223024625E-16,-0.));
#1063 = ORIENTED_EDGE('',*,*,#1064,.F.);
#1064 = EDGE_CURVE('',#1065,#1056,#1067,.T.);
#1065 = VERTEX_POINT('',#1066);
#1066 = CARTESIAN_POINT('',(18.419181353136,72.728133959223,0.));
#1067 = LINE('',#1068,#1069);
#1068 = CARTESIAN_POINT('',(18.419181353136,72.728133959223,0.));
#1069 = VECTOR('',#1070,1.);
#1070 = DIRECTION('',(0.,0.,1.));
#1071 = ORIENTED_EDGE('',*,*,#1072,.F.);
#1072 = EDGE_CURVE('',#1046,#1065,#1073,.T.);
#1073 = CIRCLE('',#1074,0.250012700025);
#1074 = AXIS2_PLACEMENT_3D('',#1075,#1076,#1077);
#1075 = CARTESIAN_POINT('',(18.669194053162,72.728133959223,0.));
#1076 = DIRECTION('',(0.,0.,1.));
#1077 = DIRECTION('',(1.,1.110223024625E-16,-0.));
#1078 = CYLINDRICAL_SURFACE('',#1079,0.250012700025);
#1079 = AXIS2_PLACEMENT_3D('',#1080,#1081,#1082);
#1080 = CARTESIAN_POINT('',(18.669194053162,72.728133959223,0.));
#1081 = DIRECTION('',(-0.,-0.,-1.));
#1082 = DIRECTION('',(1.,1.110223024625E-16,-0.));
#1083 = ADVANCED_FACE('',(#1084),#1102,.F.);
#1084 = FACE_BOUND('',#1085,.T.);
#1085 = EDGE_LOOP('',(#1086,#1087,#1094,#1095));
#1086 = ORIENTED_EDGE('',*,*,#1064,.T.);
#1087 = ORIENTED_EDGE('',*,*,#1088,.T.);
#1088 = EDGE_CURVE('',#1056,#1048,#1089,.T.);
#1089 = CIRCLE('',#1090,0.250012700025);
#1090 = AXIS2_PLACEMENT_3D('',#1091,#1092,#1093);
#1091 = CARTESIAN_POINT('',(18.669194053162,72.728133959223,    1.600050800102));
#1092 = DIRECTION('',(0.,0.,1.));
#1093 = DIRECTION('',(-1.,-1.110223024625E-16,0.));
#1094 = ORIENTED_EDGE('',*,*,#1045,.F.);
#1095 = ORIENTED_EDGE('',*,*,#1096,.F.);
#1096 = EDGE_CURVE('',#1065,#1046,#1097,.T.);
#1097 = CIRCLE('',#1098,0.250012700025);
#1098 = AXIS2_PLACEMENT_3D('',#1099,#1100,#1101);
#1099 = CARTESIAN_POINT('',(18.669194053162,72.728133959223,0.));
#1100 = DIRECTION('',(0.,0.,1.));
#1101 = DIRECTION('',(-1.,-1.110223024625E-16,0.));
#1102 = CYLINDRICAL_SURFACE('',#1103,0.250012700025);
#1103 = AXIS2_PLACEMENT_3D('',#1104,#1105,#1106);
#1104 = CARTESIAN_POINT('',(18.669194053162,72.728133959223,0.));
#1105 = DIRECTION('',(-0.,-0.,-1.));
#1106 = DIRECTION('',(-1.,-1.110223024625E-16,0.));
#1107 = ADVANCED_FACE('',(#1108),#1144,.F.);
#1108 = FACE_BOUND('',#1109,.T.);
#1109 = EDGE_LOOP('',(#1110,#1120,#1129,#1137));
#1110 = ORIENTED_EDGE('',*,*,#1111,.T.);
#1111 = EDGE_CURVE('',#1112,#1114,#1116,.T.);
#1112 = VERTEX_POINT('',#1113);
#1113 = CARTESIAN_POINT('',(21.529543053086,38.518076962154,0.));
#1114 = VERTEX_POINT('',#1115);
#1115 = CARTESIAN_POINT('',(21.529543053086,38.518076962154,    1.600050800102));
#1116 = LINE('',#1117,#1118);
#1117 = CARTESIAN_POINT('',(21.529543053086,38.518076962154,0.));
#1118 = VECTOR('',#1119,1.);
#1119 = DIRECTION('',(0.,0.,1.));
#1120 = ORIENTED_EDGE('',*,*,#1121,.T.);
#1121 = EDGE_CURVE('',#1114,#1122,#1124,.T.);
#1122 = VERTEX_POINT('',#1123);
#1123 = CARTESIAN_POINT('',(18.704137414275,38.518076962154,    1.600050800102));
#1124 = CIRCLE('',#1125,1.412702819406);
#1125 = AXIS2_PLACEMENT_3D('',#1126,#1127,#1128);
#1126 = CARTESIAN_POINT('',(20.11684023368,38.518076962154,    1.600050800102));
#1127 = DIRECTION('',(0.,0.,1.));
#1128 = DIRECTION('',(1.,1.110223024625E-16,-0.));
#1129 = ORIENTED_EDGE('',*,*,#1130,.F.);
#1130 = EDGE_CURVE('',#1131,#1122,#1133,.T.);
#1131 = VERTEX_POINT('',#1132);
#1132 = CARTESIAN_POINT('',(18.704137414275,38.518076962154,0.));
#1133 = LINE('',#1134,#1135);
#1134 = CARTESIAN_POINT('',(18.704137414275,38.518076962154,0.));
#1135 = VECTOR('',#1136,1.);
#1136 = DIRECTION('',(0.,0.,1.));
#1137 = ORIENTED_EDGE('',*,*,#1138,.F.);
#1138 = EDGE_CURVE('',#1112,#1131,#1139,.T.);
#1139 = CIRCLE('',#1140,1.412702819406);
#1140 = AXIS2_PLACEMENT_3D('',#1141,#1142,#1143);
#1141 = CARTESIAN_POINT('',(20.11684023368,38.518076962154,0.));
#1142 = DIRECTION('',(0.,0.,1.));
#1143 = DIRECTION('',(1.,1.110223024625E-16,-0.));
#1144 = CYLINDRICAL_SURFACE('',#1145,1.412702819406);
#1145 = AXIS2_PLACEMENT_3D('',#1146,#1147,#1148);
#1146 = CARTESIAN_POINT('',(20.11684023368,38.518076962154,0.));
#1147 = DIRECTION('',(-0.,-0.,-1.));
#1148 = DIRECTION('',(1.,1.110223024625E-16,-0.));
#1149 = ADVANCED_FACE('',(#1150),#1168,.F.);
#1150 = FACE_BOUND('',#1151,.T.);
#1151 = EDGE_LOOP('',(#1152,#1153,#1160,#1161));
#1152 = ORIENTED_EDGE('',*,*,#1130,.T.);
#1153 = ORIENTED_EDGE('',*,*,#1154,.T.);
#1154 = EDGE_CURVE('',#1122,#1114,#1155,.T.);
#1155 = CIRCLE('',#1156,1.412702819406);
#1156 = AXIS2_PLACEMENT_3D('',#1157,#1158,#1159);
#1157 = CARTESIAN_POINT('',(20.11684023368,38.518076962154,    1.600050800102));
#1158 = DIRECTION('',(0.,0.,1.));
#1159 = DIRECTION('',(-1.,-1.110223024625E-16,0.));
#1160 = ORIENTED_EDGE('',*,*,#1111,.F.);
#1161 = ORIENTED_EDGE('',*,*,#1162,.F.);
#1162 = EDGE_CURVE('',#1131,#1112,#1163,.T.);
#1163 = CIRCLE('',#1164,1.412702819406);
#1164 = AXIS2_PLACEMENT_3D('',#1165,#1166,#1167);
#1165 = CARTESIAN_POINT('',(20.11684023368,38.518076962154,0.));
#1166 = DIRECTION('',(0.,0.,1.));
#1167 = DIRECTION('',(-1.,-1.110223024625E-16,0.));
#1168 = CYLINDRICAL_SURFACE('',#1169,1.412702819406);
#1169 = AXIS2_PLACEMENT_3D('',#1170,#1171,#1172);
#1170 = CARTESIAN_POINT('',(20.11684023368,38.518076962154,0.));
#1171 = DIRECTION('',(-0.,-0.,-1.));
#1172 = DIRECTION('',(-1.,-1.110223024625E-16,0.));
#1173 = ADVANCED_FACE('',(#1174),#1210,.F.);
#1174 = FACE_BOUND('',#1175,.T.);
#1175 = EDGE_LOOP('',(#1176,#1186,#1195,#1203));
#1176 = ORIENTED_EDGE('',*,*,#1177,.T.);
#1177 = EDGE_CURVE('',#1178,#1180,#1182,.T.);
#1178 = VERTEX_POINT('',#1179);
#1179 = CARTESIAN_POINT('',(21.529543053086,59.018118110236,0.));
#1180 = VERTEX_POINT('',#1181);
#1181 = CARTESIAN_POINT('',(21.529543053086,59.018118110236,    1.600050800102));
#1182 = LINE('',#1183,#1184);
#1183 = CARTESIAN_POINT('',(21.529543053086,59.018118110236,0.));
#1184 = VECTOR('',#1185,1.);
#1185 = DIRECTION('',(0.,0.,1.));
#1186 = ORIENTED_EDGE('',*,*,#1187,.T.);
#1187 = EDGE_CURVE('',#1180,#1188,#1190,.T.);
#1188 = VERTEX_POINT('',#1189);
#1189 = CARTESIAN_POINT('',(18.704137414275,59.018118110236,    1.600050800102));
#1190 = CIRCLE('',#1191,1.412702819406);
#1191 = AXIS2_PLACEMENT_3D('',#1192,#1193,#1194);
#1192 = CARTESIAN_POINT('',(20.11684023368,59.018118110236,    1.600050800102));
#1193 = DIRECTION('',(0.,0.,1.));
#1194 = DIRECTION('',(1.,1.110223024625E-16,-0.));
#1195 = ORIENTED_EDGE('',*,*,#1196,.F.);
#1196 = EDGE_CURVE('',#1197,#1188,#1199,.T.);
#1197 = VERTEX_POINT('',#1198);
#1198 = CARTESIAN_POINT('',(18.704137414275,59.018118110236,0.));
#1199 = LINE('',#1200,#1201);
#1200 = CARTESIAN_POINT('',(18.704137414275,59.018118110236,0.));
#1201 = VECTOR('',#1202,1.);
#1202 = DIRECTION('',(0.,0.,1.));
#1203 = ORIENTED_EDGE('',*,*,#1204,.F.);
#1204 = EDGE_CURVE('',#1178,#1197,#1205,.T.);
#1205 = CIRCLE('',#1206,1.412702819406);
#1206 = AXIS2_PLACEMENT_3D('',#1207,#1208,#1209);
#1207 = CARTESIAN_POINT('',(20.11684023368,59.018118110236,0.));
#1208 = DIRECTION('',(0.,0.,1.));
#1209 = DIRECTION('',(1.,1.110223024625E-16,-0.));
#1210 = CYLINDRICAL_SURFACE('',#1211,1.412702819406);
#1211 = AXIS2_PLACEMENT_3D('',#1212,#1213,#1214);
#1212 = CARTESIAN_POINT('',(20.11684023368,59.018118110236,0.));
#1213 = DIRECTION('',(-0.,-0.,-1.));
#1214 = DIRECTION('',(1.,1.110223024625E-16,-0.));
#1215 = ADVANCED_FACE('',(#1216),#1234,.F.);
#1216 = FACE_BOUND('',#1217,.T.);
#1217 = EDGE_LOOP('',(#1218,#1219,#1226,#1227));
#1218 = ORIENTED_EDGE('',*,*,#1196,.T.);
#1219 = ORIENTED_EDGE('',*,*,#1220,.T.);
#1220 = EDGE_CURVE('',#1188,#1180,#1221,.T.);
#1221 = CIRCLE('',#1222,1.412702819406);
#1222 = AXIS2_PLACEMENT_3D('',#1223,#1224,#1225);
#1223 = CARTESIAN_POINT('',(20.11684023368,59.018118110236,    1.600050800102));
#1224 = DIRECTION('',(0.,0.,1.));
#1225 = DIRECTION('',(-1.,-1.110223024625E-16,0.));
#1226 = ORIENTED_EDGE('',*,*,#1177,.F.);
#1227 = ORIENTED_EDGE('',*,*,#1228,.F.);
#1228 = EDGE_CURVE('',#1197,#1178,#1229,.T.);
#1229 = CIRCLE('',#1230,1.412702819406);
#1230 = AXIS2_PLACEMENT_3D('',#1231,#1232,#1233);
#1231 = CARTESIAN_POINT('',(20.11684023368,59.018118110236,0.));
#1232 = DIRECTION('',(0.,0.,1.));
#1233 = DIRECTION('',(-1.,-1.110223024625E-16,0.));
#1234 = CYLINDRICAL_SURFACE('',#1235,1.412702819406);
#1235 = AXIS2_PLACEMENT_3D('',#1236,#1237,#1238);
#1236 = CARTESIAN_POINT('',(20.11684023368,59.018118110236,0.));
#1237 = DIRECTION('',(-0.,-0.,-1.));
#1238 = DIRECTION('',(-1.,-1.110223024625E-16,0.));
#1239 = ADVANCED_FACE('',(#1240),#1276,.F.);
#1240 = FACE_BOUND('',#1241,.T.);
#1241 = EDGE_LOOP('',(#1242,#1252,#1261,#1269));
#1242 = ORIENTED_EDGE('',*,*,#1243,.T.);
#1243 = EDGE_CURVE('',#1244,#1246,#1248,.T.);
#1244 = VERTEX_POINT('',#1245);
#1245 = CARTESIAN_POINT('',(19.206161335961,23.308167744517,0.));
#1246 = VERTEX_POINT('',#1247);
#1247 = CARTESIAN_POINT('',(19.206161335961,23.308167744517,    1.600050800102));
#1248 = LINE('',#1249,#1250);
#1249 = CARTESIAN_POINT('',(19.206161335961,23.308167744517,0.));
#1250 = VECTOR('',#1251,1.);
#1251 = DIRECTION('',(0.,0.,1.));
#1252 = ORIENTED_EDGE('',*,*,#1253,.T.);
#1253 = EDGE_CURVE('',#1246,#1254,#1256,.T.);
#1254 = VERTEX_POINT('',#1255);
#1255 = CARTESIAN_POINT('',(18.70613593591,23.308167744517,    1.600050800102));
#1256 = CIRCLE('',#1257,0.250012700025);
#1257 = AXIS2_PLACEMENT_3D('',#1258,#1259,#1260);
#1258 = CARTESIAN_POINT('',(18.956148635935,23.308167744517,    1.600050800102));
#1259 = DIRECTION('',(0.,0.,1.));
#1260 = DIRECTION('',(1.,1.110223024625E-16,-0.));
#1261 = ORIENTED_EDGE('',*,*,#1262,.F.);
#1262 = EDGE_CURVE('',#1263,#1254,#1265,.T.);
#1263 = VERTEX_POINT('',#1264);
#1264 = CARTESIAN_POINT('',(18.70613593591,23.308167744517,0.));
#1265 = LINE('',#1266,#1267);
#1266 = CARTESIAN_POINT('',(18.70613593591,23.308167744517,0.));
#1267 = VECTOR('',#1268,1.);
#1268 = DIRECTION('',(0.,0.,1.));
#1269 = ORIENTED_EDGE('',*,*,#1270,.F.);
#1270 = EDGE_CURVE('',#1244,#1263,#1271,.T.);
#1271 = CIRCLE('',#1272,0.250012700025);
#1272 = AXIS2_PLACEMENT_3D('',#1273,#1274,#1275);
#1273 = CARTESIAN_POINT('',(18.956148635935,23.308167744517,0.));
#1274 = DIRECTION('',(0.,0.,1.));
#1275 = DIRECTION('',(1.,1.110223024625E-16,-0.));
#1276 = CYLINDRICAL_SURFACE('',#1277,0.250012700025);
#1277 = AXIS2_PLACEMENT_3D('',#1278,#1279,#1280);
#1278 = CARTESIAN_POINT('',(18.956148635935,23.308167744517,0.));
#1279 = DIRECTION('',(-0.,-0.,-1.));
#1280 = DIRECTION('',(1.,1.110223024625E-16,-0.));
#1281 = ADVANCED_FACE('',(#1282),#1300,.F.);
#1282 = FACE_BOUND('',#1283,.T.);
#1283 = EDGE_LOOP('',(#1284,#1285,#1292,#1293));
#1284 = ORIENTED_EDGE('',*,*,#1262,.T.);
#1285 = ORIENTED_EDGE('',*,*,#1286,.T.);
#1286 = EDGE_CURVE('',#1254,#1246,#1287,.T.);
#1287 = CIRCLE('',#1288,0.250012700025);
#1288 = AXIS2_PLACEMENT_3D('',#1289,#1290,#1291);
#1289 = CARTESIAN_POINT('',(18.956148635935,23.308167744517,    1.600050800102));
#1290 = DIRECTION('',(0.,0.,1.));
#1291 = DIRECTION('',(-1.,-1.110223024625E-16,0.));
#1292 = ORIENTED_EDGE('',*,*,#1243,.F.);
#1293 = ORIENTED_EDGE('',*,*,#1294,.F.);
#1294 = EDGE_CURVE('',#1263,#1244,#1295,.T.);
#1295 = CIRCLE('',#1296,0.250012700025);
#1296 = AXIS2_PLACEMENT_3D('',#1297,#1298,#1299);
#1297 = CARTESIAN_POINT('',(18.956148635935,23.308167744517,0.));
#1298 = DIRECTION('',(0.,0.,1.));
#1299 = DIRECTION('',(-1.,-1.110223024625E-16,0.));
#1300 = CYLINDRICAL_SURFACE('',#1301,0.250012700025);
#1301 = AXIS2_PLACEMENT_3D('',#1302,#1303,#1304);
#1302 = CARTESIAN_POINT('',(18.956148635935,23.308167744517,0.));
#1303 = DIRECTION('',(-0.,-0.,-1.));
#1304 = DIRECTION('',(-1.,-1.110223024625E-16,0.));
#1305 = ADVANCED_FACE('',(#1306),#1342,.F.);
#1306 = FACE_BOUND('',#1307,.T.);
#1307 = EDGE_LOOP('',(#1308,#1318,#1327,#1335));
#1308 = ORIENTED_EDGE('',*,*,#1309,.T.);
#1309 = EDGE_CURVE('',#1310,#1312,#1314,.T.);
#1310 = VERTEX_POINT('',#1311);
#1311 = CARTESIAN_POINT('',(19.206189227152,25.508045059045,0.));
#1312 = VERTEX_POINT('',#1313);
#1313 = CARTESIAN_POINT('',(19.206189227152,25.508045059045,    1.600050800102));
#1314 = LINE('',#1315,#1316);
#1315 = CARTESIAN_POINT('',(19.206189227152,25.508045059045,0.));
#1316 = VECTOR('',#1317,1.);
#1317 = DIRECTION('',(0.,0.,1.));
#1318 = ORIENTED_EDGE('',*,*,#1319,.T.);
#1319 = EDGE_CURVE('',#1312,#1320,#1322,.T.);
#1320 = VERTEX_POINT('',#1321);
#1321 = CARTESIAN_POINT('',(18.706163827101,25.508045059045,    1.600050800102));
#1322 = CIRCLE('',#1323,0.250012700025);
#1323 = AXIS2_PLACEMENT_3D('',#1324,#1325,#1326);
#1324 = CARTESIAN_POINT('',(18.956176527127,25.508045059045,    1.600050800102));
#1325 = DIRECTION('',(0.,0.,1.));
#1326 = DIRECTION('',(1.,1.110223024625E-16,-0.));
#1327 = ORIENTED_EDGE('',*,*,#1328,.F.);
#1328 = EDGE_CURVE('',#1329,#1320,#1331,.T.);
#1329 = VERTEX_POINT('',#1330);
#1330 = CARTESIAN_POINT('',(18.706163827101,25.508045059045,0.));
#1331 = LINE('',#1332,#1333);
#1332 = CARTESIAN_POINT('',(18.706163827101,25.508045059045,0.));
#1333 = VECTOR('',#1334,1.);
#1334 = DIRECTION('',(0.,0.,1.));
#1335 = ORIENTED_EDGE('',*,*,#1336,.F.);
#1336 = EDGE_CURVE('',#1310,#1329,#1337,.T.);
#1337 = CIRCLE('',#1338,0.250012700025);
#1338 = AXIS2_PLACEMENT_3D('',#1339,#1340,#1341);
#1339 = CARTESIAN_POINT('',(18.956176527127,25.508045059045,0.));
#1340 = DIRECTION('',(0.,0.,1.));
#1341 = DIRECTION('',(1.,1.110223024625E-16,-0.));
#1342 = CYLINDRICAL_SURFACE('',#1343,0.250012700025);
#1343 = AXIS2_PLACEMENT_3D('',#1344,#1345,#1346);
#1344 = CARTESIAN_POINT('',(18.956176527127,25.508045059045,0.));
#1345 = DIRECTION('',(-0.,-0.,-1.));
#1346 = DIRECTION('',(1.,1.110223024625E-16,-0.));
#1347 = ADVANCED_FACE('',(#1348),#1366,.F.);
#1348 = FACE_BOUND('',#1349,.T.);
#1349 = EDGE_LOOP('',(#1350,#1351,#1358,#1359));
#1350 = ORIENTED_EDGE('',*,*,#1328,.T.);
#1351 = ORIENTED_EDGE('',*,*,#1352,.T.);
#1352 = EDGE_CURVE('',#1320,#1312,#1353,.T.);
#1353 = CIRCLE('',#1354,0.250012700025);
#1354 = AXIS2_PLACEMENT_3D('',#1355,#1356,#1357);
#1355 = CARTESIAN_POINT('',(18.956176527127,25.508045059045,    1.600050800102));
#1356 = DIRECTION('',(0.,0.,1.));
#1357 = DIRECTION('',(-1.,-1.110223024625E-16,0.));
#1358 = ORIENTED_EDGE('',*,*,#1309,.F.);
#1359 = ORIENTED_EDGE('',*,*,#1360,.F.);
#1360 = EDGE_CURVE('',#1329,#1310,#1361,.T.);
#1361 = CIRCLE('',#1362,0.250012700025);
#1362 = AXIS2_PLACEMENT_3D('',#1363,#1364,#1365);
#1363 = CARTESIAN_POINT('',(18.956176527127,25.508045059045,0.));
#1364 = DIRECTION('',(0.,0.,1.));
#1365 = DIRECTION('',(-1.,-1.110223024625E-16,0.));
#1366 = CYLINDRICAL_SURFACE('',#1367,0.250012700025);
#1367 = AXIS2_PLACEMENT_3D('',#1368,#1369,#1370);
#1368 = CARTESIAN_POINT('',(18.956176527127,25.508045059045,0.));
#1369 = DIRECTION('',(-0.,-0.,-1.));
#1370 = DIRECTION('',(-1.,-1.110223024625E-16,0.));
#1371 = ADVANCED_FACE('',(#1372),#1408,.F.);
#1372 = FACE_BOUND('',#1373,.T.);
#1373 = EDGE_LOOP('',(#1374,#1384,#1393,#1401));
#1374 = ORIENTED_EDGE('',*,*,#1375,.T.);
#1375 = EDGE_CURVE('',#1376,#1378,#1380,.T.);
#1376 = VERTEX_POINT('',#1377);
#1377 = CARTESIAN_POINT('',(44.541989077978,38.518076962154,0.));
#1378 = VERTEX_POINT('',#1379);
#1379 = CARTESIAN_POINT('',(44.541989077978,38.518076962154,    1.600050800102));
#1380 = LINE('',#1381,#1382);
#1381 = CARTESIAN_POINT('',(44.541989077978,38.518076962154,0.));
#1382 = VECTOR('',#1383,1.);
#1383 = DIRECTION('',(0.,0.,1.));
#1384 = ORIENTED_EDGE('',*,*,#1385,.T.);
#1385 = EDGE_CURVE('',#1378,#1386,#1388,.T.);
#1386 = VERTEX_POINT('',#1387);
#1387 = CARTESIAN_POINT('',(41.716583439167,38.518076962154,    1.600050800102));
#1388 = CIRCLE('',#1389,1.412702819406);
#1389 = AXIS2_PLACEMENT_3D('',#1390,#1391,#1392);
#1390 = CARTESIAN_POINT('',(43.129286258573,38.518076962154,    1.600050800102));
#1391 = DIRECTION('',(0.,0.,1.));
#1392 = DIRECTION('',(1.,1.110223024625E-16,-0.));
#1393 = ORIENTED_EDGE('',*,*,#1394,.F.);
#1394 = EDGE_CURVE('',#1395,#1386,#1397,.T.);
#1395 = VERTEX_POINT('',#1396);
#1396 = CARTESIAN_POINT('',(41.716583439167,38.518076962154,0.));
#1397 = LINE('',#1398,#1399);
#1398 = CARTESIAN_POINT('',(41.716583439167,38.518076962154,0.));
#1399 = VECTOR('',#1400,1.);
#1400 = DIRECTION('',(0.,0.,1.));
#1401 = ORIENTED_EDGE('',*,*,#1402,.F.);
#1402 = EDGE_CURVE('',#1376,#1395,#1403,.T.);
#1403 = CIRCLE('',#1404,1.412702819406);
#1404 = AXIS2_PLACEMENT_3D('',#1405,#1406,#1407);
#1405 = CARTESIAN_POINT('',(43.129286258573,38.518076962154,0.));
#1406 = DIRECTION('',(0.,0.,1.));
#1407 = DIRECTION('',(1.,1.110223024625E-16,-0.));
#1408 = CYLINDRICAL_SURFACE('',#1409,1.412702819406);
#1409 = AXIS2_PLACEMENT_3D('',#1410,#1411,#1412);
#1410 = CARTESIAN_POINT('',(43.129286258573,38.518076962154,0.));
#1411 = DIRECTION('',(-0.,-0.,-1.));
#1412 = DIRECTION('',(1.,1.110223024625E-16,-0.));
#1413 = ADVANCED_FACE('',(#1414),#1432,.F.);
#1414 = FACE_BOUND('',#1415,.T.);
#1415 = EDGE_LOOP('',(#1416,#1417,#1424,#1425));
#1416 = ORIENTED_EDGE('',*,*,#1394,.T.);
#1417 = ORIENTED_EDGE('',*,*,#1418,.T.);
#1418 = EDGE_CURVE('',#1386,#1378,#1419,.T.);
#1419 = CIRCLE('',#1420,1.412702819406);
#1420 = AXIS2_PLACEMENT_3D('',#1421,#1422,#1423);
#1421 = CARTESIAN_POINT('',(43.129286258573,38.518076962154,    1.600050800102));
#1422 = DIRECTION('',(0.,0.,1.));
#1423 = DIRECTION('',(-1.,-1.110223024625E-16,0.));
#1424 = ORIENTED_EDGE('',*,*,#1375,.F.);
#1425 = ORIENTED_EDGE('',*,*,#1426,.F.);
#1426 = EDGE_CURVE('',#1395,#1376,#1427,.T.);
#1427 = CIRCLE('',#1428,1.412702819406);
#1428 = AXIS2_PLACEMENT_3D('',#1429,#1430,#1431);
#1429 = CARTESIAN_POINT('',(43.129286258573,38.518076962154,0.));
#1430 = DIRECTION('',(0.,0.,1.));
#1431 = DIRECTION('',(-1.,-1.110223024625E-16,0.));
#1432 = CYLINDRICAL_SURFACE('',#1433,1.412702819406);
#1433 = AXIS2_PLACEMENT_3D('',#1434,#1435,#1436);
#1434 = CARTESIAN_POINT('',(43.129286258573,38.518076962154,0.));
#1435 = DIRECTION('',(-0.,-0.,-1.));
#1436 = DIRECTION('',(-1.,-1.110223024625E-16,0.));
#1437 = ADVANCED_FACE('',(#1438),#1474,.F.);
#1438 = FACE_BOUND('',#1439,.T.);
#1439 = EDGE_LOOP('',(#1440,#1450,#1459,#1467));
#1440 = ORIENTED_EDGE('',*,*,#1441,.T.);
#1441 = EDGE_CURVE('',#1442,#1444,#1446,.T.);
#1442 = VERTEX_POINT('',#1443);
#1443 = CARTESIAN_POINT('',(44.541989077978,59.018118110236,0.));
#1444 = VERTEX_POINT('',#1445);
#1445 = CARTESIAN_POINT('',(44.541989077978,59.018118110236,    1.600050800102));
#1446 = LINE('',#1447,#1448);
#1447 = CARTESIAN_POINT('',(44.541989077978,59.018118110236,0.));
#1448 = VECTOR('',#1449,1.);
#1449 = DIRECTION('',(0.,0.,1.));
#1450 = ORIENTED_EDGE('',*,*,#1451,.T.);
#1451 = EDGE_CURVE('',#1444,#1452,#1454,.T.);
#1452 = VERTEX_POINT('',#1453);
#1453 = CARTESIAN_POINT('',(41.716583439167,59.018118110236,    1.600050800102));
#1454 = CIRCLE('',#1455,1.412702819406);
#1455 = AXIS2_PLACEMENT_3D('',#1456,#1457,#1458);
#1456 = CARTESIAN_POINT('',(43.129286258573,59.018118110236,    1.600050800102));
#1457 = DIRECTION('',(0.,0.,1.));
#1458 = DIRECTION('',(1.,1.110223024625E-16,-0.));
#1459 = ORIENTED_EDGE('',*,*,#1460,.F.);
#1460 = EDGE_CURVE('',#1461,#1452,#1463,.T.);
#1461 = VERTEX_POINT('',#1462);
#1462 = CARTESIAN_POINT('',(41.716583439167,59.018118110236,0.));
#1463 = LINE('',#1464,#1465);
#1464 = CARTESIAN_POINT('',(41.716583439167,59.018118110236,0.));
#1465 = VECTOR('',#1466,1.);
#1466 = DIRECTION('',(0.,0.,1.));
#1467 = ORIENTED_EDGE('',*,*,#1468,.F.);
#1468 = EDGE_CURVE('',#1442,#1461,#1469,.T.);
#1469 = CIRCLE('',#1470,1.412702819406);
#1470 = AXIS2_PLACEMENT_3D('',#1471,#1472,#1473);
#1471 = CARTESIAN_POINT('',(43.129286258573,59.018118110236,0.));
#1472 = DIRECTION('',(0.,0.,1.));
#1473 = DIRECTION('',(1.,1.110223024625E-16,-0.));
#1474 = CYLINDRICAL_SURFACE('',#1475,1.412702819406);
#1475 = AXIS2_PLACEMENT_3D('',#1476,#1477,#1478);
#1476 = CARTESIAN_POINT('',(43.129286258573,59.018118110236,0.));
#1477 = DIRECTION('',(-0.,-0.,-1.));
#1478 = DIRECTION('',(1.,1.110223024625E-16,-0.));
#1479 = ADVANCED_FACE('',(#1480),#1498,.F.);
#1480 = FACE_BOUND('',#1481,.T.);
#1481 = EDGE_LOOP('',(#1482,#1483,#1490,#1491));
#1482 = ORIENTED_EDGE('',*,*,#1460,.T.);
#1483 = ORIENTED_EDGE('',*,*,#1484,.T.);
#1484 = EDGE_CURVE('',#1452,#1444,#1485,.T.);
#1485 = CIRCLE('',#1486,1.412702819406);
#1486 = AXIS2_PLACEMENT_3D('',#1487,#1488,#1489);
#1487 = CARTESIAN_POINT('',(43.129286258573,59.018118110236,    1.600050800102));
#1488 = DIRECTION('',(0.,0.,1.));
#1489 = DIRECTION('',(-1.,-1.110223024625E-16,0.));
#1490 = ORIENTED_EDGE('',*,*,#1441,.F.);
#1491 = ORIENTED_EDGE('',*,*,#1492,.F.);
#1492 = EDGE_CURVE('',#1461,#1442,#1493,.T.);
#1493 = CIRCLE('',#1494,1.412702819406);
#1494 = AXIS2_PLACEMENT_3D('',#1495,#1496,#1497);
#1495 = CARTESIAN_POINT('',(43.129286258573,59.018118110236,0.));
#1496 = DIRECTION('',(0.,0.,1.));
#1497 = DIRECTION('',(-1.,-1.110223024625E-16,0.));
#1498 = CYLINDRICAL_SURFACE('',#1499,1.412702819406);
#1499 = AXIS2_PLACEMENT_3D('',#1500,#1501,#1502);
#1500 = CARTESIAN_POINT('',(43.129286258573,59.018118110236,0.));
#1501 = DIRECTION('',(-0.,-0.,-1.));
#1502 = DIRECTION('',(-1.,-1.110223024625E-16,0.));
#1503 = ADVANCED_FACE('',(#1504),#1540,.F.);
#1504 = FACE_BOUND('',#1505,.T.);
#1505 = EDGE_LOOP('',(#1506,#1516,#1525,#1533));
#1506 = ORIENTED_EDGE('',*,*,#1507,.T.);
#1507 = EDGE_CURVE('',#1508,#1510,#1512,.T.);
#1508 = VERTEX_POINT('',#1509);
#1509 = CARTESIAN_POINT('',(44.131088138176,47.49809499619,0.));
#1510 = VERTEX_POINT('',#1511);
#1511 = CARTESIAN_POINT('',(44.131088138176,47.49809499619,    1.600050800102));
#1512 = LINE('',#1513,#1514);
#1513 = CARTESIAN_POINT('',(44.131088138176,47.49809499619,0.));
#1514 = VECTOR('',#1515,1.);
#1515 = DIRECTION('',(0.,0.,1.));
#1516 = ORIENTED_EDGE('',*,*,#1517,.T.);
#1517 = EDGE_CURVE('',#1510,#1518,#1520,.T.);
#1518 = VERTEX_POINT('',#1519);
#1519 = CARTESIAN_POINT('',(43.115086106172,47.49809499619,    1.600050800102));
#1520 = CIRCLE('',#1521,0.508001016002);
#1521 = AXIS2_PLACEMENT_3D('',#1522,#1523,#1524);
#1522 = CARTESIAN_POINT('',(43.623087122174,47.49809499619,    1.600050800102));
#1523 = DIRECTION('',(0.,0.,1.));
#1524 = DIRECTION('',(1.,1.110223024625E-16,-0.));
#1525 = ORIENTED_EDGE('',*,*,#1526,.F.);
#1526 = EDGE_CURVE('',#1527,#1518,#1529,.T.);
#1527 = VERTEX_POINT('',#1528);
#1528 = CARTESIAN_POINT('',(43.115086106172,47.49809499619,0.));
#1529 = LINE('',#1530,#1531);
#1530 = CARTESIAN_POINT('',(43.115086106172,47.49809499619,0.));
#1531 = VECTOR('',#1532,1.);
#1532 = DIRECTION('',(0.,0.,1.));
#1533 = ORIENTED_EDGE('',*,*,#1534,.F.);
#1534 = EDGE_CURVE('',#1508,#1527,#1535,.T.);
#1535 = CIRCLE('',#1536,0.508001016002);
#1536 = AXIS2_PLACEMENT_3D('',#1537,#1538,#1539);
#1537 = CARTESIAN_POINT('',(43.623087122174,47.49809499619,0.));
#1538 = DIRECTION('',(0.,0.,1.));
#1539 = DIRECTION('',(1.,1.110223024625E-16,-0.));
#1540 = CYLINDRICAL_SURFACE('',#1541,0.508001016002);
#1541 = AXIS2_PLACEMENT_3D('',#1542,#1543,#1544);
#1542 = CARTESIAN_POINT('',(43.623087122174,47.49809499619,0.));
#1543 = DIRECTION('',(-0.,-0.,-1.));
#1544 = DIRECTION('',(1.,1.110223024625E-16,-0.));
#1545 = ADVANCED_FACE('',(#1546),#1564,.F.);
#1546 = FACE_BOUND('',#1547,.T.);
#1547 = EDGE_LOOP('',(#1548,#1549,#1556,#1557));
#1548 = ORIENTED_EDGE('',*,*,#1526,.T.);
#1549 = ORIENTED_EDGE('',*,*,#1550,.T.);
#1550 = EDGE_CURVE('',#1518,#1510,#1551,.T.);
#1551 = CIRCLE('',#1552,0.508001016002);
#1552 = AXIS2_PLACEMENT_3D('',#1553,#1554,#1555);
#1553 = CARTESIAN_POINT('',(43.623087122174,47.49809499619,    1.600050800102));
#1554 = DIRECTION('',(0.,0.,1.));
#1555 = DIRECTION('',(-1.,-1.110223024625E-16,0.));
#1556 = ORIENTED_EDGE('',*,*,#1507,.F.);
#1557 = ORIENTED_EDGE('',*,*,#1558,.F.);
#1558 = EDGE_CURVE('',#1527,#1508,#1559,.T.);
#1559 = CIRCLE('',#1560,0.508001016002);
#1560 = AXIS2_PLACEMENT_3D('',#1561,#1562,#1563);
#1561 = CARTESIAN_POINT('',(43.623087122174,47.49809499619,0.));
#1562 = DIRECTION('',(0.,0.,1.));
#1563 = DIRECTION('',(-1.,-1.110223024625E-16,0.));
#1564 = CYLINDRICAL_SURFACE('',#1565,0.508001016002);
#1565 = AXIS2_PLACEMENT_3D('',#1566,#1567,#1568);
#1566 = CARTESIAN_POINT('',(43.623087122174,47.49809499619,0.));
#1567 = DIRECTION('',(-0.,-0.,-1.));
#1568 = DIRECTION('',(-1.,-1.110223024625E-16,0.));
#1569 = ADVANCED_FACE('',(#1570),#1606,.F.);
#1570 = FACE_BOUND('',#1571,.T.);
#1571 = EDGE_LOOP('',(#1572,#1582,#1591,#1599));
#1572 = ORIENTED_EDGE('',*,*,#1573,.T.);
#1573 = EDGE_CURVE('',#1574,#1576,#1578,.T.);
#1574 = VERTEX_POINT('',#1575);
#1575 = CARTESIAN_POINT('',(44.131088138176,44.95808991618,0.));
#1576 = VERTEX_POINT('',#1577);
#1577 = CARTESIAN_POINT('',(44.131088138176,44.95808991618,    1.600050800102));
#1578 = LINE('',#1579,#1580);
#1579 = CARTESIAN_POINT('',(44.131088138176,44.95808991618,0.));
#1580 = VECTOR('',#1581,1.);
#1581 = DIRECTION('',(0.,0.,1.));
#1582 = ORIENTED_EDGE('',*,*,#1583,.T.);
#1583 = EDGE_CURVE('',#1576,#1584,#1586,.T.);
#1584 = VERTEX_POINT('',#1585);
#1585 = CARTESIAN_POINT('',(43.115086106172,44.95808991618,    1.600050800102));
#1586 = CIRCLE('',#1587,0.508001016002);
#1587 = AXIS2_PLACEMENT_3D('',#1588,#1589,#1590);
#1588 = CARTESIAN_POINT('',(43.623087122174,44.95808991618,    1.600050800102));
#1589 = DIRECTION('',(0.,0.,1.));
#1590 = DIRECTION('',(1.,1.110223024625E-16,-0.));
#1591 = ORIENTED_EDGE('',*,*,#1592,.F.);
#1592 = EDGE_CURVE('',#1593,#1584,#1595,.T.);
#1593 = VERTEX_POINT('',#1594);
#1594 = CARTESIAN_POINT('',(43.115086106172,44.95808991618,0.));
#1595 = LINE('',#1596,#1597);
#1596 = CARTESIAN_POINT('',(43.115086106172,44.95808991618,0.));
#1597 = VECTOR('',#1598,1.);
#1598 = DIRECTION('',(0.,0.,1.));
#1599 = ORIENTED_EDGE('',*,*,#1600,.F.);
#1600 = EDGE_CURVE('',#1574,#1593,#1601,.T.);
#1601 = CIRCLE('',#1602,0.508001016002);
#1602 = AXIS2_PLACEMENT_3D('',#1603,#1604,#1605);
#1603 = CARTESIAN_POINT('',(43.623087122174,44.95808991618,0.));
#1604 = DIRECTION('',(0.,0.,1.));
#1605 = DIRECTION('',(1.,1.110223024625E-16,-0.));
#1606 = CYLINDRICAL_SURFACE('',#1607,0.508001016002);
#1607 = AXIS2_PLACEMENT_3D('',#1608,#1609,#1610);
#1608 = CARTESIAN_POINT('',(43.623087122174,44.95808991618,0.));
#1609 = DIRECTION('',(-0.,-0.,-1.));
#1610 = DIRECTION('',(1.,1.110223024625E-16,-0.));
#1611 = ADVANCED_FACE('',(#1612),#1630,.F.);
#1612 = FACE_BOUND('',#1613,.T.);
#1613 = EDGE_LOOP('',(#1614,#1615,#1622,#1623));
#1614 = ORIENTED_EDGE('',*,*,#1592,.T.);
#1615 = ORIENTED_EDGE('',*,*,#1616,.T.);
#1616 = EDGE_CURVE('',#1584,#1576,#1617,.T.);
#1617 = CIRCLE('',#1618,0.508001016002);
#1618 = AXIS2_PLACEMENT_3D('',#1619,#1620,#1621);
#1619 = CARTESIAN_POINT('',(43.623087122174,44.95808991618,    1.600050800102));
#1620 = DIRECTION('',(0.,0.,1.));
#1621 = DIRECTION('',(-1.,-1.110223024625E-16,0.));
#1622 = ORIENTED_EDGE('',*,*,#1573,.F.);
#1623 = ORIENTED_EDGE('',*,*,#1624,.F.);
#1624 = EDGE_CURVE('',#1593,#1574,#1625,.T.);
#1625 = CIRCLE('',#1626,0.508001016002);
#1626 = AXIS2_PLACEMENT_3D('',#1627,#1628,#1629);
#1627 = CARTESIAN_POINT('',(43.623087122174,44.95808991618,0.));
#1628 = DIRECTION('',(0.,0.,1.));
#1629 = DIRECTION('',(-1.,-1.110223024625E-16,0.));
#1630 = CYLINDRICAL_SURFACE('',#1631,0.508001016002);
#1631 = AXIS2_PLACEMENT_3D('',#1632,#1633,#1634);
#1632 = CARTESIAN_POINT('',(43.623087122174,44.95808991618,0.));
#1633 = DIRECTION('',(-0.,-0.,-1.));
#1634 = DIRECTION('',(-1.,-1.110223024625E-16,0.));
#1635 = ADVANCED_FACE('',(#1636),#1672,.F.);
#1636 = FACE_BOUND('',#1637,.T.);
#1637 = EDGE_LOOP('',(#1638,#1648,#1657,#1665));
#1638 = ORIENTED_EDGE('',*,*,#1639,.T.);
#1639 = EDGE_CURVE('',#1640,#1642,#1644,.T.);
#1640 = VERTEX_POINT('',#1641);
#1641 = CARTESIAN_POINT('',(44.131088138176,52.57810515621,0.));
#1642 = VERTEX_POINT('',#1643);
#1643 = CARTESIAN_POINT('',(44.131088138176,52.57810515621,    1.600050800102));
#1644 = LINE('',#1645,#1646);
#1645 = CARTESIAN_POINT('',(44.131088138176,52.57810515621,0.));
#1646 = VECTOR('',#1647,1.);
#1647 = DIRECTION('',(0.,0.,1.));
#1648 = ORIENTED_EDGE('',*,*,#1649,.T.);
#1649 = EDGE_CURVE('',#1642,#1650,#1652,.T.);
#1650 = VERTEX_POINT('',#1651);
#1651 = CARTESIAN_POINT('',(43.115086106172,52.57810515621,    1.600050800102));
#1652 = CIRCLE('',#1653,0.508001016002);
#1653 = AXIS2_PLACEMENT_3D('',#1654,#1655,#1656);
#1654 = CARTESIAN_POINT('',(43.623087122174,52.57810515621,    1.600050800102));
#1655 = DIRECTION('',(0.,0.,1.));
#1656 = DIRECTION('',(1.,1.110223024625E-16,-0.));
#1657 = ORIENTED_EDGE('',*,*,#1658,.F.);
#1658 = EDGE_CURVE('',#1659,#1650,#1661,.T.);
#1659 = VERTEX_POINT('',#1660);
#1660 = CARTESIAN_POINT('',(43.115086106172,52.57810515621,0.));
#1661 = LINE('',#1662,#1663);
#1662 = CARTESIAN_POINT('',(43.115086106172,52.57810515621,0.));
#1663 = VECTOR('',#1664,1.);
#1664 = DIRECTION('',(0.,0.,1.));
#1665 = ORIENTED_EDGE('',*,*,#1666,.F.);
#1666 = EDGE_CURVE('',#1640,#1659,#1667,.T.);
#1667 = CIRCLE('',#1668,0.508001016002);
#1668 = AXIS2_PLACEMENT_3D('',#1669,#1670,#1671);
#1669 = CARTESIAN_POINT('',(43.623087122174,52.57810515621,0.));
#1670 = DIRECTION('',(0.,0.,1.));
#1671 = DIRECTION('',(1.,1.110223024625E-16,-0.));
#1672 = CYLINDRICAL_SURFACE('',#1673,0.508001016002);
#1673 = AXIS2_PLACEMENT_3D('',#1674,#1675,#1676);
#1674 = CARTESIAN_POINT('',(43.623087122174,52.57810515621,0.));
#1675 = DIRECTION('',(-0.,-0.,-1.));
#1676 = DIRECTION('',(1.,1.110223024625E-16,-0.));
#1677 = ADVANCED_FACE('',(#1678),#1696,.F.);
#1678 = FACE_BOUND('',#1679,.T.);
#1679 = EDGE_LOOP('',(#1680,#1681,#1688,#1689));
#1680 = ORIENTED_EDGE('',*,*,#1658,.T.);
#1681 = ORIENTED_EDGE('',*,*,#1682,.T.);
#1682 = EDGE_CURVE('',#1650,#1642,#1683,.T.);
#1683 = CIRCLE('',#1684,0.508001016002);
#1684 = AXIS2_PLACEMENT_3D('',#1685,#1686,#1687);
#1685 = CARTESIAN_POINT('',(43.623087122174,52.57810515621,    1.600050800102));
#1686 = DIRECTION('',(0.,0.,1.));
#1687 = DIRECTION('',(-1.,-1.110223024625E-16,0.));
#1688 = ORIENTED_EDGE('',*,*,#1639,.F.);
#1689 = ORIENTED_EDGE('',*,*,#1690,.F.);
#1690 = EDGE_CURVE('',#1659,#1640,#1691,.T.);
#1691 = CIRCLE('',#1692,0.508001016002);
#1692 = AXIS2_PLACEMENT_3D('',#1693,#1694,#1695);
#1693 = CARTESIAN_POINT('',(43.623087122174,52.57810515621,0.));
#1694 = DIRECTION('',(0.,0.,1.));
#1695 = DIRECTION('',(-1.,-1.110223024625E-16,0.));
#1696 = CYLINDRICAL_SURFACE('',#1697,0.508001016002);
#1697 = AXIS2_PLACEMENT_3D('',#1698,#1699,#1700);
#1698 = CARTESIAN_POINT('',(43.623087122174,52.57810515621,0.));
#1699 = DIRECTION('',(-0.,-0.,-1.));
#1700 = DIRECTION('',(-1.,-1.110223024625E-16,0.));
#1701 = ADVANCED_FACE('',(#1702),#1738,.F.);
#1702 = FACE_BOUND('',#1703,.T.);
#1703 = EDGE_LOOP('',(#1704,#1714,#1723,#1731));
#1704 = ORIENTED_EDGE('',*,*,#1705,.T.);
#1705 = EDGE_CURVE('',#1706,#1708,#1710,.T.);
#1706 = VERTEX_POINT('',#1707);
#1707 = CARTESIAN_POINT('',(44.131088138176,50.0381000762,0.));
#1708 = VERTEX_POINT('',#1709);
#1709 = CARTESIAN_POINT('',(44.131088138176,50.0381000762,1.600050800102    ));
#1710 = LINE('',#1711,#1712);
#1711 = CARTESIAN_POINT('',(44.131088138176,50.0381000762,0.));
#1712 = VECTOR('',#1713,1.);
#1713 = DIRECTION('',(0.,0.,1.));
#1714 = ORIENTED_EDGE('',*,*,#1715,.T.);
#1715 = EDGE_CURVE('',#1708,#1716,#1718,.T.);
#1716 = VERTEX_POINT('',#1717);
#1717 = CARTESIAN_POINT('',(43.115086106172,50.0381000762,1.600050800102    ));
#1718 = CIRCLE('',#1719,0.508001016002);
#1719 = AXIS2_PLACEMENT_3D('',#1720,#1721,#1722);
#1720 = CARTESIAN_POINT('',(43.623087122174,50.0381000762,1.600050800102    ));
#1721 = DIRECTION('',(0.,0.,1.));
#1722 = DIRECTION('',(1.,1.110223024625E-16,-0.));
#1723 = ORIENTED_EDGE('',*,*,#1724,.F.);
#1724 = EDGE_CURVE('',#1725,#1716,#1727,.T.);
#1725 = VERTEX_POINT('',#1726);
#1726 = CARTESIAN_POINT('',(43.115086106172,50.0381000762,0.));
#1727 = LINE('',#1728,#1729);
#1728 = CARTESIAN_POINT('',(43.115086106172,50.0381000762,0.));
#1729 = VECTOR('',#1730,1.);
#1730 = DIRECTION('',(0.,0.,1.));
#1731 = ORIENTED_EDGE('',*,*,#1732,.F.);
#1732 = EDGE_CURVE('',#1706,#1725,#1733,.T.);
#1733 = CIRCLE('',#1734,0.508001016002);
#1734 = AXIS2_PLACEMENT_3D('',#1735,#1736,#1737);
#1735 = CARTESIAN_POINT('',(43.623087122174,50.0381000762,0.));
#1736 = DIRECTION('',(0.,0.,1.));
#1737 = DIRECTION('',(1.,1.110223024625E-16,-0.));
#1738 = CYLINDRICAL_SURFACE('',#1739,0.508001016002);
#1739 = AXIS2_PLACEMENT_3D('',#1740,#1741,#1742);
#1740 = CARTESIAN_POINT('',(43.623087122174,50.0381000762,0.));
#1741 = DIRECTION('',(-0.,-0.,-1.));
#1742 = DIRECTION('',(1.,1.110223024625E-16,-0.));
#1743 = ADVANCED_FACE('',(#1744),#1762,.F.);
#1744 = FACE_BOUND('',#1745,.T.);
#1745 = EDGE_LOOP('',(#1746,#1747,#1754,#1755));
#1746 = ORIENTED_EDGE('',*,*,#1724,.T.);
#1747 = ORIENTED_EDGE('',*,*,#1748,.T.);
#1748 = EDGE_CURVE('',#1716,#1708,#1749,.T.);
#1749 = CIRCLE('',#1750,0.508001016002);
#1750 = AXIS2_PLACEMENT_3D('',#1751,#1752,#1753);
#1751 = CARTESIAN_POINT('',(43.623087122174,50.0381000762,1.600050800102    ));
#1752 = DIRECTION('',(0.,0.,1.));
#1753 = DIRECTION('',(-1.,-1.110223024625E-16,0.));
#1754 = ORIENTED_EDGE('',*,*,#1705,.F.);
#1755 = ORIENTED_EDGE('',*,*,#1756,.F.);
#1756 = EDGE_CURVE('',#1725,#1706,#1757,.T.);
#1757 = CIRCLE('',#1758,0.508001016002);
#1758 = AXIS2_PLACEMENT_3D('',#1759,#1760,#1761);
#1759 = CARTESIAN_POINT('',(43.623087122174,50.0381000762,0.));
#1760 = DIRECTION('',(0.,0.,1.));
#1761 = DIRECTION('',(-1.,-1.110223024625E-16,0.));
#1762 = CYLINDRICAL_SURFACE('',#1763,0.508001016002);
#1763 = AXIS2_PLACEMENT_3D('',#1764,#1765,#1766);
#1764 = CARTESIAN_POINT('',(43.623087122174,50.0381000762,0.));
#1765 = DIRECTION('',(-0.,-0.,-1.));
#1766 = DIRECTION('',(-1.,-1.110223024625E-16,0.));
#1767 = ADVANCED_FACE('',(#1768),#1804,.F.);
#1768 = FACE_BOUND('',#1769,.T.);
#1769 = EDGE_LOOP('',(#1770,#1780,#1789,#1797));
#1770 = ORIENTED_EDGE('',*,*,#1771,.T.);
#1771 = EDGE_CURVE('',#1772,#1774,#1776,.T.);
#1772 = VERTEX_POINT('',#1773);
#1773 = CARTESIAN_POINT('',(77.343154686309,45.974091948184,0.));
#1774 = VERTEX_POINT('',#1775);
#1775 = CARTESIAN_POINT('',(77.343154686309,45.974091948184,    1.600050800102));
#1776 = LINE('',#1777,#1778);
#1777 = CARTESIAN_POINT('',(77.343154686309,45.974091948184,0.));
#1778 = VECTOR('',#1779,1.);
#1779 = DIRECTION('',(0.,0.,1.));
#1780 = ORIENTED_EDGE('',*,*,#1781,.T.);
#1781 = EDGE_CURVE('',#1774,#1782,#1784,.T.);
#1782 = VERTEX_POINT('',#1783);
#1783 = CARTESIAN_POINT('',(77.851155702311,46.482092964186,    1.600050800102));
#1784 = CIRCLE('',#1785,0.508001016002);
#1785 = AXIS2_PLACEMENT_3D('',#1786,#1787,#1788);
#1786 = CARTESIAN_POINT('',(77.343154686309,46.482092964186,    1.600050800102));
#1787 = DIRECTION('',(0.,0.,1.));
#1788 = DIRECTION('',(7.031403936191E-15,-1.,0.));
#1789 = ORIENTED_EDGE('',*,*,#1790,.F.);
#1790 = EDGE_CURVE('',#1791,#1782,#1793,.T.);
#1791 = VERTEX_POINT('',#1792);
#1792 = CARTESIAN_POINT('',(77.851155702311,46.482092964186,0.));
#1793 = LINE('',#1794,#1795);
#1794 = CARTESIAN_POINT('',(77.851155702311,46.482092964186,0.));
#1795 = VECTOR('',#1796,1.);
#1796 = DIRECTION('',(0.,0.,1.));
#1797 = ORIENTED_EDGE('',*,*,#1798,.F.);
#1798 = EDGE_CURVE('',#1772,#1791,#1799,.T.);
#1799 = CIRCLE('',#1800,0.508001016002);
#1800 = AXIS2_PLACEMENT_3D('',#1801,#1802,#1803);
#1801 = CARTESIAN_POINT('',(77.343154686309,46.482092964186,0.));
#1802 = DIRECTION('',(0.,0.,1.));
#1803 = DIRECTION('',(7.031403936191E-15,-1.,0.));
#1804 = CYLINDRICAL_SURFACE('',#1805,0.508001016002);
#1805 = AXIS2_PLACEMENT_3D('',#1806,#1807,#1808);
#1806 = CARTESIAN_POINT('',(77.343154686309,46.482092964186,0.));
#1807 = DIRECTION('',(-0.,-0.,-1.));
#1808 = DIRECTION('',(7.031403936191E-15,-1.,0.));
#1809 = ADVANCED_FACE('',(#1810),#1835,.T.);
#1810 = FACE_BOUND('',#1811,.T.);
#1811 = EDGE_LOOP('',(#1812,#1813,#1821,#1829));
#1812 = ORIENTED_EDGE('',*,*,#1790,.T.);
#1813 = ORIENTED_EDGE('',*,*,#1814,.T.);
#1814 = EDGE_CURVE('',#1782,#1815,#1817,.T.);
#1815 = VERTEX_POINT('',#1816);
#1816 = CARTESIAN_POINT('',(77.851155702311,49.784099568199,    1.600050800102));
#1817 = LINE('',#1818,#1819);
#1818 = CARTESIAN_POINT('',(77.851155702311,46.482092964186,    1.600050800102));
#1819 = VECTOR('',#1820,1.);
#1820 = DIRECTION('',(4.303702693365E-15,1.,0.));
#1821 = ORIENTED_EDGE('',*,*,#1822,.F.);
#1822 = EDGE_CURVE('',#1823,#1815,#1825,.T.);
#1823 = VERTEX_POINT('',#1824);
#1824 = CARTESIAN_POINT('',(77.851155702311,49.784099568199,0.));
#1825 = LINE('',#1826,#1827);
#1826 = CARTESIAN_POINT('',(77.851155702311,49.784099568199,0.));
#1827 = VECTOR('',#1828,1.);
#1828 = DIRECTION('',(0.,0.,1.));
#1829 = ORIENTED_EDGE('',*,*,#1830,.F.);
#1830 = EDGE_CURVE('',#1791,#1823,#1831,.T.);
#1831 = LINE('',#1832,#1833);
#1832 = CARTESIAN_POINT('',(77.851155702311,46.482092964186,0.));
#1833 = VECTOR('',#1834,1.);
#1834 = DIRECTION('',(4.303702693365E-15,1.,0.));
#1835 = PLANE('',#1836);
#1836 = AXIS2_PLACEMENT_3D('',#1837,#1838,#1839);
#1837 = CARTESIAN_POINT('',(77.851155702311,46.482092964186,0.));
#1838 = DIRECTION('',(-1.,4.303702693365E-15,0.));
#1839 = DIRECTION('',(4.303702693365E-15,1.,0.));
#1840 = ADVANCED_FACE('',(#1841),#1868,.F.);
#1841 = FACE_BOUND('',#1842,.T.);
#1842 = EDGE_LOOP('',(#1843,#1844,#1853,#1861));
#1843 = ORIENTED_EDGE('',*,*,#1822,.T.);
#1844 = ORIENTED_EDGE('',*,*,#1845,.T.);
#1845 = EDGE_CURVE('',#1815,#1846,#1848,.T.);
#1846 = VERTEX_POINT('',#1847);
#1847 = CARTESIAN_POINT('',(77.343154686309,50.292100584201,    1.600050800102));
#1848 = CIRCLE('',#1849,0.508001016002);
#1849 = AXIS2_PLACEMENT_3D('',#1850,#1851,#1852);
#1850 = CARTESIAN_POINT('',(77.343154686309,49.784099568199,    1.600050800102));
#1851 = DIRECTION('',(0.,0.,1.));
#1852 = DIRECTION('',(1.,7.108672111314E-15,-0.));
#1853 = ORIENTED_EDGE('',*,*,#1854,.F.);
#1854 = EDGE_CURVE('',#1855,#1846,#1857,.T.);
#1855 = VERTEX_POINT('',#1856);
#1856 = CARTESIAN_POINT('',(77.343154686309,50.292100584201,0.));
#1857 = LINE('',#1858,#1859);
#1858 = CARTESIAN_POINT('',(77.343154686309,50.292100584201,0.));
#1859 = VECTOR('',#1860,1.);
#1860 = DIRECTION('',(0.,0.,1.));
#1861 = ORIENTED_EDGE('',*,*,#1862,.F.);
#1862 = EDGE_CURVE('',#1823,#1855,#1863,.T.);
#1863 = CIRCLE('',#1864,0.508001016002);
#1864 = AXIS2_PLACEMENT_3D('',#1865,#1866,#1867);
#1865 = CARTESIAN_POINT('',(77.343154686309,49.784099568199,0.));
#1866 = DIRECTION('',(0.,0.,1.));
#1867 = DIRECTION('',(1.,7.108672111314E-15,-0.));
#1868 = CYLINDRICAL_SURFACE('',#1869,0.508001016002);
#1869 = AXIS2_PLACEMENT_3D('',#1870,#1871,#1872);
#1870 = CARTESIAN_POINT('',(77.343154686309,49.784099568199,0.));
#1871 = DIRECTION('',(-0.,-0.,-1.));
#1872 = DIRECTION('',(1.,7.108672111314E-15,-0.));
#1873 = ADVANCED_FACE('',(#1874),#1899,.T.);
#1874 = FACE_BOUND('',#1875,.T.);
#1875 = EDGE_LOOP('',(#1876,#1877,#1885,#1893));
#1876 = ORIENTED_EDGE('',*,*,#1854,.T.);
#1877 = ORIENTED_EDGE('',*,*,#1878,.T.);
#1878 = EDGE_CURVE('',#1846,#1879,#1881,.T.);
#1879 = VERTEX_POINT('',#1880);
#1880 = CARTESIAN_POINT('',(72.771145542291,50.292100584201,    1.600050800102));
#1881 = LINE('',#1882,#1883);
#1882 = CARTESIAN_POINT('',(77.343154686309,50.292100584201,    1.600050800102));
#1883 = VECTOR('',#1884,1.);
#1884 = DIRECTION('',(-1.,-1.554114861493E-15,0.));
#1885 = ORIENTED_EDGE('',*,*,#1886,.F.);
#1886 = EDGE_CURVE('',#1887,#1879,#1889,.T.);
#1887 = VERTEX_POINT('',#1888);
#1888 = CARTESIAN_POINT('',(72.771145542291,50.292100584201,0.));
#1889 = LINE('',#1890,#1891);
#1890 = CARTESIAN_POINT('',(72.771145542291,50.292100584201,0.));
#1891 = VECTOR('',#1892,1.);
#1892 = DIRECTION('',(0.,0.,1.));
#1893 = ORIENTED_EDGE('',*,*,#1894,.F.);
#1894 = EDGE_CURVE('',#1855,#1887,#1895,.T.);
#1895 = LINE('',#1896,#1897);
#1896 = CARTESIAN_POINT('',(77.343154686309,50.292100584201,0.));
#1897 = VECTOR('',#1898,1.);
#1898 = DIRECTION('',(-1.,-1.554114861493E-15,0.));
#1899 = PLANE('',#1900);
#1900 = AXIS2_PLACEMENT_3D('',#1901,#1902,#1903);
#1901 = CARTESIAN_POINT('',(77.343154686309,50.292100584201,0.));
#1902 = DIRECTION('',(1.554114861493E-15,-1.,0.));
#1903 = DIRECTION('',(-1.,-1.554114861493E-15,0.));
#1904 = ADVANCED_FACE('',(#1905),#1932,.F.);
#1905 = FACE_BOUND('',#1906,.T.);
#1906 = EDGE_LOOP('',(#1907,#1908,#1917,#1925));
#1907 = ORIENTED_EDGE('',*,*,#1886,.T.);
#1908 = ORIENTED_EDGE('',*,*,#1909,.T.);
#1909 = EDGE_CURVE('',#1879,#1910,#1912,.T.);
#1910 = VERTEX_POINT('',#1911);
#1911 = CARTESIAN_POINT('',(72.263144526289,49.784099568199,    1.600050800102));
#1912 = CIRCLE('',#1913,0.508001016002);
#1913 = AXIS2_PLACEMENT_3D('',#1914,#1915,#1916);
#1914 = CARTESIAN_POINT('',(72.771145542291,49.784099568199,    1.600050800102));
#1915 = DIRECTION('',(0.,0.,1.));
#1916 = DIRECTION('',(-7.726817512298E-17,1.,0.));
#1917 = ORIENTED_EDGE('',*,*,#1918,.F.);
#1918 = EDGE_CURVE('',#1919,#1910,#1921,.T.);
#1919 = VERTEX_POINT('',#1920);
#1920 = CARTESIAN_POINT('',(72.263144526289,49.784099568199,0.));
#1921 = LINE('',#1922,#1923);
#1922 = CARTESIAN_POINT('',(72.263144526289,49.784099568199,0.));
#1923 = VECTOR('',#1924,1.);
#1924 = DIRECTION('',(0.,0.,1.));
#1925 = ORIENTED_EDGE('',*,*,#1926,.F.);
#1926 = EDGE_CURVE('',#1887,#1919,#1927,.T.);
#1927 = CIRCLE('',#1928,0.508001016002);
#1928 = AXIS2_PLACEMENT_3D('',#1929,#1930,#1931);
#1929 = CARTESIAN_POINT('',(72.771145542291,49.784099568199,0.));
#1930 = DIRECTION('',(0.,0.,1.));
#1931 = DIRECTION('',(-7.726817512298E-17,1.,0.));
#1932 = CYLINDRICAL_SURFACE('',#1933,0.508001016002);
#1933 = AXIS2_PLACEMENT_3D('',#1934,#1935,#1936);
#1934 = CARTESIAN_POINT('',(72.771145542291,49.784099568199,0.));
#1935 = DIRECTION('',(-0.,-0.,-1.));
#1936 = DIRECTION('',(-7.726817512298E-17,1.,0.));
#1937 = ADVANCED_FACE('',(#1938),#1963,.T.);
#1938 = FACE_BOUND('',#1939,.T.);
#1939 = EDGE_LOOP('',(#1940,#1941,#1949,#1957));
#1940 = ORIENTED_EDGE('',*,*,#1918,.T.);
#1941 = ORIENTED_EDGE('',*,*,#1942,.T.);
#1942 = EDGE_CURVE('',#1910,#1943,#1945,.T.);
#1943 = VERTEX_POINT('',#1944);
#1944 = CARTESIAN_POINT('',(72.263144526289,46.482092964186,    1.600050800102));
#1945 = LINE('',#1946,#1947);
#1946 = CARTESIAN_POINT('',(72.263144526289,49.784099568199,    1.600050800102));
#1947 = VECTOR('',#1948,1.);
#1948 = DIRECTION('',(0.,-1.,0.));
#1949 = ORIENTED_EDGE('',*,*,#1950,.F.);
#1950 = EDGE_CURVE('',#1951,#1943,#1953,.T.);
#1951 = VERTEX_POINT('',#1952);
#1952 = CARTESIAN_POINT('',(72.263144526289,46.482092964186,0.));
#1953 = LINE('',#1954,#1955);
#1954 = CARTESIAN_POINT('',(72.263144526289,46.482092964186,0.));
#1955 = VECTOR('',#1956,1.);
#1956 = DIRECTION('',(0.,0.,1.));
#1957 = ORIENTED_EDGE('',*,*,#1958,.F.);
#1958 = EDGE_CURVE('',#1919,#1951,#1959,.T.);
#1959 = LINE('',#1960,#1961);
#1960 = CARTESIAN_POINT('',(72.263144526289,49.784099568199,0.));
#1961 = VECTOR('',#1962,1.);
#1962 = DIRECTION('',(0.,-1.,0.));
#1963 = PLANE('',#1964);
#1964 = AXIS2_PLACEMENT_3D('',#1965,#1966,#1967);
#1965 = CARTESIAN_POINT('',(72.263144526289,49.784099568199,0.));
#1966 = DIRECTION('',(1.,0.,-0.));
#1967 = DIRECTION('',(0.,-1.,0.));
#1968 = ADVANCED_FACE('',(#1969),#1996,.F.);
#1969 = FACE_BOUND('',#1970,.T.);
#1970 = EDGE_LOOP('',(#1971,#1972,#1981,#1989));
#1971 = ORIENTED_EDGE('',*,*,#1950,.T.);
#1972 = ORIENTED_EDGE('',*,*,#1973,.T.);
#1973 = EDGE_CURVE('',#1943,#1974,#1976,.T.);
#1974 = VERTEX_POINT('',#1975);
#1975 = CARTESIAN_POINT('',(72.771145542291,45.974091948184,    1.600050800102));
#1976 = CIRCLE('',#1977,0.508001016002);
#1977 = AXIS2_PLACEMENT_3D('',#1978,#1979,#1980);
#1978 = CARTESIAN_POINT('',(72.771145542291,46.482092964186,    1.600050800102));
#1979 = DIRECTION('',(0.,0.,1.));
#1980 = DIRECTION('',(-1.,6.876867585945E-15,0.));
#1981 = ORIENTED_EDGE('',*,*,#1982,.F.);
#1982 = EDGE_CURVE('',#1983,#1974,#1985,.T.);
#1983 = VERTEX_POINT('',#1984);
#1984 = CARTESIAN_POINT('',(72.771145542291,45.974091948184,0.));
#1985 = LINE('',#1986,#1987);
#1986 = CARTESIAN_POINT('',(72.771145542291,45.974091948184,0.));
#1987 = VECTOR('',#1988,1.);
#1988 = DIRECTION('',(0.,0.,1.));
#1989 = ORIENTED_EDGE('',*,*,#1990,.F.);
#1990 = EDGE_CURVE('',#1951,#1983,#1991,.T.);
#1991 = CIRCLE('',#1992,0.508001016002);
#1992 = AXIS2_PLACEMENT_3D('',#1993,#1994,#1995);
#1993 = CARTESIAN_POINT('',(72.771145542291,46.482092964186,0.));
#1994 = DIRECTION('',(0.,0.,1.));
#1995 = DIRECTION('',(-1.,6.876867585945E-15,0.));
#1996 = CYLINDRICAL_SURFACE('',#1997,0.508001016002);
#1997 = AXIS2_PLACEMENT_3D('',#1998,#1999,#2000);
#1998 = CARTESIAN_POINT('',(72.771145542291,46.482092964186,0.));
#1999 = DIRECTION('',(-0.,-0.,-1.));
#2000 = DIRECTION('',(-1.,6.876867585945E-15,0.));
#2001 = ADVANCED_FACE('',(#2002),#2018,.T.);
#2002 = FACE_BOUND('',#2003,.T.);
#2003 = EDGE_LOOP('',(#2004,#2005,#2011,#2012));
#2004 = ORIENTED_EDGE('',*,*,#1982,.T.);
#2005 = ORIENTED_EDGE('',*,*,#2006,.T.);
#2006 = EDGE_CURVE('',#1974,#1774,#2007,.T.);
#2007 = LINE('',#2008,#2009);
#2008 = CARTESIAN_POINT('',(72.771145542291,45.974091948184,    1.600050800102));
#2009 = VECTOR('',#2010,1.);
#2010 = DIRECTION('',(1.,1.554114861493E-15,0.));
#2011 = ORIENTED_EDGE('',*,*,#1771,.F.);
#2012 = ORIENTED_EDGE('',*,*,#2013,.F.);
#2013 = EDGE_CURVE('',#1983,#1772,#2014,.T.);
#2014 = LINE('',#2015,#2016);
#2015 = CARTESIAN_POINT('',(72.771145542291,45.974091948184,0.));
#2016 = VECTOR('',#2017,1.);
#2017 = DIRECTION('',(1.,1.554114861493E-15,0.));
#2018 = PLANE('',#2019);
#2019 = AXIS2_PLACEMENT_3D('',#2020,#2021,#2022);
#2020 = CARTESIAN_POINT('',(72.771145542291,45.974091948184,0.));
#2021 = DIRECTION('',(-1.554114861493E-15,1.,0.));
#2022 = DIRECTION('',(1.,1.554114861493E-15,0.));
#2023 = ADVANCED_FACE('',(#2024),#2060,.F.);
#2024 = FACE_BOUND('',#2025,.T.);
#2025 = EDGE_LOOP('',(#2026,#2036,#2045,#2053));
#2026 = ORIENTED_EDGE('',*,*,#2027,.T.);
#2027 = EDGE_CURVE('',#2028,#2030,#2032,.T.);
#2028 = VERTEX_POINT('',#2029);
#2029 = CARTESIAN_POINT('',(103.88633477267,46.092964185928,0.));
#2030 = VERTEX_POINT('',#2031);
#2031 = CARTESIAN_POINT('',(103.88633477267,46.092964185928,    1.600050800102));
#2032 = LINE('',#2033,#2034);
#2033 = CARTESIAN_POINT('',(103.88633477267,46.092964185928,0.));
#2034 = VECTOR('',#2035,1.);
#2035 = DIRECTION('',(0.,0.,1.));
#2036 = ORIENTED_EDGE('',*,*,#2037,.T.);
#2037 = EDGE_CURVE('',#2030,#2038,#2040,.T.);
#2038 = VERTEX_POINT('',#2039);
#2039 = CARTESIAN_POINT('',(103.88608077216,45.093218186436,    1.600050800102));
#2040 = CIRCLE('',#2041,0.499873015879);
#2041 = AXIS2_PLACEMENT_3D('',#2042,#2043,#2044);
#2042 = CARTESIAN_POINT('',(103.88620777241,45.593091186182,    1.600050800102));
#2043 = DIRECTION('',(0.,0.,1.));
#2044 = DIRECTION('',(2.540650324573E-04,0.999999967725,-0.));
#2045 = ORIENTED_EDGE('',*,*,#2046,.F.);
#2046 = EDGE_CURVE('',#2047,#2038,#2049,.T.);
#2047 = VERTEX_POINT('',#2048);
#2048 = CARTESIAN_POINT('',(103.88608077216,45.093218186436,0.));
#2049 = LINE('',#2050,#2051);
#2050 = CARTESIAN_POINT('',(103.88608077216,45.093218186436,0.));
#2051 = VECTOR('',#2052,1.);
#2052 = DIRECTION('',(0.,0.,1.));
#2053 = ORIENTED_EDGE('',*,*,#2054,.F.);
#2054 = EDGE_CURVE('',#2028,#2047,#2055,.T.);
#2055 = CIRCLE('',#2056,0.499873015879);
#2056 = AXIS2_PLACEMENT_3D('',#2057,#2058,#2059);
#2057 = CARTESIAN_POINT('',(103.88620777241,45.593091186182,0.));
#2058 = DIRECTION('',(0.,0.,1.));
#2059 = DIRECTION('',(2.540650324573E-04,0.999999967725,-0.));
#2060 = CYLINDRICAL_SURFACE('',#2061,0.499873015879);
#2061 = AXIS2_PLACEMENT_3D('',#2062,#2063,#2064);
#2062 = CARTESIAN_POINT('',(103.88620777241,45.593091186182,0.));
#2063 = DIRECTION('',(-0.,-0.,-1.));
#2064 = DIRECTION('',(2.540650324573E-04,0.999999967725,-0.));
#2065 = ADVANCED_FACE('',(#2066),#2084,.F.);
#2066 = FACE_BOUND('',#2067,.T.);
#2067 = EDGE_LOOP('',(#2068,#2069,#2076,#2077));
#2068 = ORIENTED_EDGE('',*,*,#2046,.T.);
#2069 = ORIENTED_EDGE('',*,*,#2070,.T.);
#2070 = EDGE_CURVE('',#2038,#2030,#2071,.T.);
#2071 = CIRCLE('',#2072,0.499873015879);
#2072 = AXIS2_PLACEMENT_3D('',#2073,#2074,#2075);
#2073 = CARTESIAN_POINT('',(103.88620777241,45.593091186182,    1.600050800102));
#2074 = DIRECTION('',(0.,0.,1.));
#2075 = DIRECTION('',(-2.540650324573E-04,-0.999999967725,0.));
#2076 = ORIENTED_EDGE('',*,*,#2027,.F.);
#2077 = ORIENTED_EDGE('',*,*,#2078,.F.);
#2078 = EDGE_CURVE('',#2047,#2028,#2079,.T.);
#2079 = CIRCLE('',#2080,0.499873015879);
#2080 = AXIS2_PLACEMENT_3D('',#2081,#2082,#2083);
#2081 = CARTESIAN_POINT('',(103.88620777241,45.593091186182,0.));
#2082 = DIRECTION('',(0.,0.,1.));
#2083 = DIRECTION('',(-2.540650324573E-04,-0.999999967725,0.));
#2084 = CYLINDRICAL_SURFACE('',#2085,0.499873015879);
#2085 = AXIS2_PLACEMENT_3D('',#2086,#2087,#2088);
#2086 = CARTESIAN_POINT('',(103.88620777241,45.593091186182,0.));
#2087 = DIRECTION('',(-0.,-0.,-1.));
#2088 = DIRECTION('',(-2.540650324573E-04,-0.999999967725,0.));
#2089 = ADVANCED_FACE('',(#2090),#2126,.F.);
#2090 = FACE_BOUND('',#2091,.T.);
#2091 = EDGE_LOOP('',(#2092,#2102,#2111,#2119));
#2092 = ORIENTED_EDGE('',*,*,#2093,.T.);
#2093 = EDGE_CURVE('',#2094,#2096,#2098,.T.);
#2094 = VERTEX_POINT('',#2095);
#2095 = CARTESIAN_POINT('',(103.88633477267,48.632969265939,0.));
#2096 = VERTEX_POINT('',#2097);
#2097 = CARTESIAN_POINT('',(103.88633477267,48.632969265939,    1.600050800102));
#2098 = LINE('',#2099,#2100);
#2099 = CARTESIAN_POINT('',(103.88633477267,48.632969265939,0.));
#2100 = VECTOR('',#2101,1.);
#2101 = DIRECTION('',(0.,0.,1.));
#2102 = ORIENTED_EDGE('',*,*,#2103,.T.);
#2103 = EDGE_CURVE('',#2096,#2104,#2106,.T.);
#2104 = VERTEX_POINT('',#2105);
#2105 = CARTESIAN_POINT('',(103.88608077216,47.633223266447,    1.600050800102));
#2106 = CIRCLE('',#2107,0.499873015879);
#2107 = AXIS2_PLACEMENT_3D('',#2108,#2109,#2110);
#2108 = CARTESIAN_POINT('',(103.88620777241,48.133096266193,    1.600050800102));
#2109 = DIRECTION('',(0.,0.,1.));
#2110 = DIRECTION('',(2.540650324573E-04,0.999999967725,-0.));
#2111 = ORIENTED_EDGE('',*,*,#2112,.F.);
#2112 = EDGE_CURVE('',#2113,#2104,#2115,.T.);
#2113 = VERTEX_POINT('',#2114);
#2114 = CARTESIAN_POINT('',(103.88608077216,47.633223266447,0.));
#2115 = LINE('',#2116,#2117);
#2116 = CARTESIAN_POINT('',(103.88608077216,47.633223266447,0.));
#2117 = VECTOR('',#2118,1.);
#2118 = DIRECTION('',(0.,0.,1.));
#2119 = ORIENTED_EDGE('',*,*,#2120,.F.);
#2120 = EDGE_CURVE('',#2094,#2113,#2121,.T.);
#2121 = CIRCLE('',#2122,0.499873015879);
#2122 = AXIS2_PLACEMENT_3D('',#2123,#2124,#2125);
#2123 = CARTESIAN_POINT('',(103.88620777241,48.133096266193,0.));
#2124 = DIRECTION('',(0.,0.,1.));
#2125 = DIRECTION('',(2.540650324573E-04,0.999999967725,-0.));
#2126 = CYLINDRICAL_SURFACE('',#2127,0.499873015879);
#2127 = AXIS2_PLACEMENT_3D('',#2128,#2129,#2130);
#2128 = CARTESIAN_POINT('',(103.88620777241,48.133096266193,0.));
#2129 = DIRECTION('',(-0.,-0.,-1.));
#2130 = DIRECTION('',(2.540650324573E-04,0.999999967725,-0.));
#2131 = ADVANCED_FACE('',(#2132),#2150,.F.);
#2132 = FACE_BOUND('',#2133,.T.);
#2133 = EDGE_LOOP('',(#2134,#2135,#2142,#2143));
#2134 = ORIENTED_EDGE('',*,*,#2112,.T.);
#2135 = ORIENTED_EDGE('',*,*,#2136,.T.);
#2136 = EDGE_CURVE('',#2104,#2096,#2137,.T.);
#2137 = CIRCLE('',#2138,0.499873015879);
#2138 = AXIS2_PLACEMENT_3D('',#2139,#2140,#2141);
#2139 = CARTESIAN_POINT('',(103.88620777241,48.133096266193,    1.600050800102));
#2140 = DIRECTION('',(0.,0.,1.));
#2141 = DIRECTION('',(-2.540650324573E-04,-0.999999967725,0.));
#2142 = ORIENTED_EDGE('',*,*,#2093,.F.);
#2143 = ORIENTED_EDGE('',*,*,#2144,.F.);
#2144 = EDGE_CURVE('',#2113,#2094,#2145,.T.);
#2145 = CIRCLE('',#2146,0.499873015879);
#2146 = AXIS2_PLACEMENT_3D('',#2147,#2148,#2149);
#2147 = CARTESIAN_POINT('',(103.88620777241,48.133096266193,0.));
#2148 = DIRECTION('',(0.,0.,1.));
#2149 = DIRECTION('',(-2.540650324573E-04,-0.999999967725,0.));
#2150 = CYLINDRICAL_SURFACE('',#2151,0.499873015879);
#2151 = AXIS2_PLACEMENT_3D('',#2152,#2153,#2154);
#2152 = CARTESIAN_POINT('',(103.88620777241,48.133096266193,0.));
#2153 = DIRECTION('',(-0.,-0.,-1.));
#2154 = DIRECTION('',(-2.540650324573E-04,-0.999999967725,0.));
#2155 = ADVANCED_FACE('',(#2156),#2192,.F.);
#2156 = FACE_BOUND('',#2157,.T.);
#2157 = EDGE_LOOP('',(#2158,#2168,#2177,#2185));
#2158 = ORIENTED_EDGE('',*,*,#2159,.T.);
#2159 = EDGE_CURVE('',#2160,#2162,#2164,.T.);
#2160 = VERTEX_POINT('',#2161);
#2161 = CARTESIAN_POINT('',(103.88633477267,51.172974345949,0.));
#2162 = VERTEX_POINT('',#2163);
#2163 = CARTESIAN_POINT('',(103.88633477267,51.172974345949,    1.600050800102));
#2164 = LINE('',#2165,#2166);
#2165 = CARTESIAN_POINT('',(103.88633477267,51.172974345949,0.));
#2166 = VECTOR('',#2167,1.);
#2167 = DIRECTION('',(0.,0.,1.));
#2168 = ORIENTED_EDGE('',*,*,#2169,.T.);
#2169 = EDGE_CURVE('',#2162,#2170,#2172,.T.);
#2170 = VERTEX_POINT('',#2171);
#2171 = CARTESIAN_POINT('',(103.88608077216,50.173228346457,    1.600050800102));
#2172 = CIRCLE('',#2173,0.499873015879);
#2173 = AXIS2_PLACEMENT_3D('',#2174,#2175,#2176);
#2174 = CARTESIAN_POINT('',(103.88620777241,50.673101346203,    1.600050800102));
#2175 = DIRECTION('',(0.,0.,1.));
#2176 = DIRECTION('',(2.540650324573E-04,0.999999967725,-0.));
#2177 = ORIENTED_EDGE('',*,*,#2178,.F.);
#2178 = EDGE_CURVE('',#2179,#2170,#2181,.T.);
#2179 = VERTEX_POINT('',#2180);
#2180 = CARTESIAN_POINT('',(103.88608077216,50.173228346457,0.));
#2181 = LINE('',#2182,#2183);
#2182 = CARTESIAN_POINT('',(103.88608077216,50.173228346457,0.));
#2183 = VECTOR('',#2184,1.);
#2184 = DIRECTION('',(0.,0.,1.));
#2185 = ORIENTED_EDGE('',*,*,#2186,.F.);
#2186 = EDGE_CURVE('',#2160,#2179,#2187,.T.);
#2187 = CIRCLE('',#2188,0.499873015879);
#2188 = AXIS2_PLACEMENT_3D('',#2189,#2190,#2191);
#2189 = CARTESIAN_POINT('',(103.88620777241,50.673101346203,0.));
#2190 = DIRECTION('',(0.,0.,1.));
#2191 = DIRECTION('',(2.540650324573E-04,0.999999967725,-0.));
#2192 = CYLINDRICAL_SURFACE('',#2193,0.499873015879);
#2193 = AXIS2_PLACEMENT_3D('',#2194,#2195,#2196);
#2194 = CARTESIAN_POINT('',(103.88620777241,50.673101346203,0.));
#2195 = DIRECTION('',(-0.,-0.,-1.));
#2196 = DIRECTION('',(2.540650324573E-04,0.999999967725,-0.));
#2197 = ADVANCED_FACE('',(#2198),#2216,.F.);
#2198 = FACE_BOUND('',#2199,.T.);
#2199 = EDGE_LOOP('',(#2200,#2201,#2208,#2209));
#2200 = ORIENTED_EDGE('',*,*,#2178,.T.);
#2201 = ORIENTED_EDGE('',*,*,#2202,.T.);
#2202 = EDGE_CURVE('',#2170,#2162,#2203,.T.);
#2203 = CIRCLE('',#2204,0.499873015879);
#2204 = AXIS2_PLACEMENT_3D('',#2205,#2206,#2207);
#2205 = CARTESIAN_POINT('',(103.88620777241,50.673101346203,    1.600050800102));
#2206 = DIRECTION('',(0.,0.,1.));
#2207 = DIRECTION('',(-2.540650324573E-04,-0.999999967725,0.));
#2208 = ORIENTED_EDGE('',*,*,#2159,.F.);
#2209 = ORIENTED_EDGE('',*,*,#2210,.F.);
#2210 = EDGE_CURVE('',#2179,#2160,#2211,.T.);
#2211 = CIRCLE('',#2212,0.499873015879);
#2212 = AXIS2_PLACEMENT_3D('',#2213,#2214,#2215);
#2213 = CARTESIAN_POINT('',(103.88620777241,50.673101346203,0.));
#2214 = DIRECTION('',(0.,0.,1.));
#2215 = DIRECTION('',(-2.540650324573E-04,-0.999999967725,0.));
#2216 = CYLINDRICAL_SURFACE('',#2217,0.499873015879);
#2217 = AXIS2_PLACEMENT_3D('',#2218,#2219,#2220);
#2218 = CARTESIAN_POINT('',(103.88620777241,50.673101346203,0.));
#2219 = DIRECTION('',(-0.,-0.,-1.));
#2220 = DIRECTION('',(-2.540650324573E-04,-0.999999967725,0.));
#2221 = ADVANCED_FACE('',(#2222),#2258,.F.);
#2222 = FACE_BOUND('',#2223,.T.);
#2223 = EDGE_LOOP('',(#2224,#2234,#2243,#2251));
#2224 = ORIENTED_EDGE('',*,*,#2225,.T.);
#2225 = EDGE_CURVE('',#2226,#2228,#2230,.T.);
#2226 = VERTEX_POINT('',#2227);
#2227 = CARTESIAN_POINT('',(103.88633477267,53.712979425959,0.));
#2228 = VERTEX_POINT('',#2229);
#2229 = CARTESIAN_POINT('',(103.88633477267,53.712979425959,    1.600050800102));
#2230 = LINE('',#2231,#2232);
#2231 = CARTESIAN_POINT('',(103.88633477267,53.712979425959,0.));
#2232 = VECTOR('',#2233,1.);
#2233 = DIRECTION('',(0.,0.,1.));
#2234 = ORIENTED_EDGE('',*,*,#2235,.T.);
#2235 = EDGE_CURVE('',#2228,#2236,#2238,.T.);
#2236 = VERTEX_POINT('',#2237);
#2237 = CARTESIAN_POINT('',(103.88608077216,52.713233426467,    1.600050800102));
#2238 = CIRCLE('',#2239,0.499873015879);
#2239 = AXIS2_PLACEMENT_3D('',#2240,#2241,#2242);
#2240 = CARTESIAN_POINT('',(103.88620777241,53.213106426213,    1.600050800102));
#2241 = DIRECTION('',(0.,0.,1.));
#2242 = DIRECTION('',(2.540650324573E-04,0.999999967725,-0.));
#2243 = ORIENTED_EDGE('',*,*,#2244,.F.);
#2244 = EDGE_CURVE('',#2245,#2236,#2247,.T.);
#2245 = VERTEX_POINT('',#2246);
#2246 = CARTESIAN_POINT('',(103.88608077216,52.713233426467,0.));
#2247 = LINE('',#2248,#2249);
#2248 = CARTESIAN_POINT('',(103.88608077216,52.713233426467,0.));
#2249 = VECTOR('',#2250,1.);
#2250 = DIRECTION('',(0.,0.,1.));
#2251 = ORIENTED_EDGE('',*,*,#2252,.F.);
#2252 = EDGE_CURVE('',#2226,#2245,#2253,.T.);
#2253 = CIRCLE('',#2254,0.499873015879);
#2254 = AXIS2_PLACEMENT_3D('',#2255,#2256,#2257);
#2255 = CARTESIAN_POINT('',(103.88620777241,53.213106426213,0.));
#2256 = DIRECTION('',(0.,0.,1.));
#2257 = DIRECTION('',(2.540650324573E-04,0.999999967725,-0.));
#2258 = CYLINDRICAL_SURFACE('',#2259,0.499873015879);
#2259 = AXIS2_PLACEMENT_3D('',#2260,#2261,#2262);
#2260 = CARTESIAN_POINT('',(103.88620777241,53.213106426213,0.));
#2261 = DIRECTION('',(-0.,-0.,-1.));
#2262 = DIRECTION('',(2.540650324573E-04,0.999999967725,-0.));
#2263 = ADVANCED_FACE('',(#2264),#2282,.F.);
#2264 = FACE_BOUND('',#2265,.T.);
#2265 = EDGE_LOOP('',(#2266,#2267,#2274,#2275));
#2266 = ORIENTED_EDGE('',*,*,#2244,.T.);
#2267 = ORIENTED_EDGE('',*,*,#2268,.T.);
#2268 = EDGE_CURVE('',#2236,#2228,#2269,.T.);
#2269 = CIRCLE('',#2270,0.499873015879);
#2270 = AXIS2_PLACEMENT_3D('',#2271,#2272,#2273);
#2271 = CARTESIAN_POINT('',(103.88620777241,53.213106426213,    1.600050800102));
#2272 = DIRECTION('',(0.,0.,1.));
#2273 = DIRECTION('',(-2.540650324573E-04,-0.999999967725,0.));
#2274 = ORIENTED_EDGE('',*,*,#2225,.F.);
#2275 = ORIENTED_EDGE('',*,*,#2276,.F.);
#2276 = EDGE_CURVE('',#2245,#2226,#2277,.T.);
#2277 = CIRCLE('',#2278,0.499873015879);
#2278 = AXIS2_PLACEMENT_3D('',#2279,#2280,#2281);
#2279 = CARTESIAN_POINT('',(103.88620777241,53.213106426213,0.));
#2280 = DIRECTION('',(0.,0.,1.));
#2281 = DIRECTION('',(-2.540650324573E-04,-0.999999967725,0.));
#2282 = CYLINDRICAL_SURFACE('',#2283,0.499873015879);
#2283 = AXIS2_PLACEMENT_3D('',#2284,#2285,#2286);
#2284 = CARTESIAN_POINT('',(103.88620777241,53.213106426213,0.));
#2285 = DIRECTION('',(-0.,-0.,-1.));
#2286 = DIRECTION('',(-2.540650324573E-04,-0.999999967725,0.));
#2287 = ADVANCED_FACE('',(#2288),#2324,.F.);
#2288 = FACE_BOUND('',#2289,.T.);
#2289 = EDGE_LOOP('',(#2290,#2300,#2309,#2317));
#2290 = ORIENTED_EDGE('',*,*,#2291,.T.);
#2291 = EDGE_CURVE('',#2292,#2294,#2296,.T.);
#2292 = VERTEX_POINT('',#2293);
#2293 = CARTESIAN_POINT('',(103.88633477267,56.252984505969,0.));
#2294 = VERTEX_POINT('',#2295);
#2295 = CARTESIAN_POINT('',(103.88633477267,56.252984505969,    1.600050800102));
#2296 = LINE('',#2297,#2298);
#2297 = CARTESIAN_POINT('',(103.88633477267,56.252984505969,0.));
#2298 = VECTOR('',#2299,1.);
#2299 = DIRECTION('',(0.,0.,1.));
#2300 = ORIENTED_EDGE('',*,*,#2301,.T.);
#2301 = EDGE_CURVE('',#2294,#2302,#2304,.T.);
#2302 = VERTEX_POINT('',#2303);
#2303 = CARTESIAN_POINT('',(103.88608077216,55.253238506477,    1.600050800102));
#2304 = CIRCLE('',#2305,0.499873015879);
#2305 = AXIS2_PLACEMENT_3D('',#2306,#2307,#2308);
#2306 = CARTESIAN_POINT('',(103.88620777241,55.753111506223,    1.600050800102));
#2307 = DIRECTION('',(0.,0.,1.));
#2308 = DIRECTION('',(2.540650324573E-04,0.999999967725,-0.));
#2309 = ORIENTED_EDGE('',*,*,#2310,.F.);
#2310 = EDGE_CURVE('',#2311,#2302,#2313,.T.);
#2311 = VERTEX_POINT('',#2312);
#2312 = CARTESIAN_POINT('',(103.88608077216,55.253238506477,0.));
#2313 = LINE('',#2314,#2315);
#2314 = CARTESIAN_POINT('',(103.88608077216,55.253238506477,0.));
#2315 = VECTOR('',#2316,1.);
#2316 = DIRECTION('',(0.,0.,1.));
#2317 = ORIENTED_EDGE('',*,*,#2318,.F.);
#2318 = EDGE_CURVE('',#2292,#2311,#2319,.T.);
#2319 = CIRCLE('',#2320,0.499873015879);
#2320 = AXIS2_PLACEMENT_3D('',#2321,#2322,#2323);
#2321 = CARTESIAN_POINT('',(103.88620777241,55.753111506223,0.));
#2322 = DIRECTION('',(0.,0.,1.));
#2323 = DIRECTION('',(2.540650324573E-04,0.999999967725,-0.));
#2324 = CYLINDRICAL_SURFACE('',#2325,0.499873015879);
#2325 = AXIS2_PLACEMENT_3D('',#2326,#2327,#2328);
#2326 = CARTESIAN_POINT('',(103.88620777241,55.753111506223,0.));
#2327 = DIRECTION('',(-0.,-0.,-1.));
#2328 = DIRECTION('',(2.540650324573E-04,0.999999967725,-0.));
#2329 = ADVANCED_FACE('',(#2330),#2348,.F.);
#2330 = FACE_BOUND('',#2331,.T.);
#2331 = EDGE_LOOP('',(#2332,#2333,#2340,#2341));
#2332 = ORIENTED_EDGE('',*,*,#2310,.T.);
#2333 = ORIENTED_EDGE('',*,*,#2334,.T.);
#2334 = EDGE_CURVE('',#2302,#2294,#2335,.T.);
#2335 = CIRCLE('',#2336,0.499873015879);
#2336 = AXIS2_PLACEMENT_3D('',#2337,#2338,#2339);
#2337 = CARTESIAN_POINT('',(103.88620777241,55.753111506223,    1.600050800102));
#2338 = DIRECTION('',(0.,0.,1.));
#2339 = DIRECTION('',(-2.540650324573E-04,-0.999999967725,0.));
#2340 = ORIENTED_EDGE('',*,*,#2291,.F.);
#2341 = ORIENTED_EDGE('',*,*,#2342,.F.);
#2342 = EDGE_CURVE('',#2311,#2292,#2343,.T.);
#2343 = CIRCLE('',#2344,0.499873015879);
#2344 = AXIS2_PLACEMENT_3D('',#2345,#2346,#2347);
#2345 = CARTESIAN_POINT('',(103.88620777241,55.753111506223,0.));
#2346 = DIRECTION('',(0.,0.,1.));
#2347 = DIRECTION('',(-2.540650324573E-04,-0.999999967725,0.));
#2348 = CYLINDRICAL_SURFACE('',#2349,0.499873015879);
#2349 = AXIS2_PLACEMENT_3D('',#2350,#2351,#2352);
#2350 = CARTESIAN_POINT('',(103.88620777241,55.753111506223,0.));
#2351 = DIRECTION('',(-0.,-0.,-1.));
#2352 = DIRECTION('',(-2.540650324573E-04,-0.999999967725,0.));
#2353 = ADVANCED_FACE('',(#2354),#2390,.F.);
#2354 = FACE_BOUND('',#2355,.T.);
#2355 = EDGE_LOOP('',(#2356,#2366,#2375,#2383));
#2356 = ORIENTED_EDGE('',*,*,#2357,.T.);
#2357 = EDGE_CURVE('',#2358,#2360,#2362,.T.);
#2358 = VERTEX_POINT('',#2359);
#2359 = CARTESIAN_POINT('',(123.62299294007,72.902124356068,0.));
#2360 = VERTEX_POINT('',#2361);
#2361 = CARTESIAN_POINT('',(123.62299294007,72.902124356068,    1.600050800102));
#2362 = LINE('',#2363,#2364);
#2363 = CARTESIAN_POINT('',(123.62299294007,72.902124356068,0.));
#2364 = VECTOR('',#2365,1.);
#2365 = DIRECTION('',(0.,0.,1.));
#2366 = ORIENTED_EDGE('',*,*,#2367,.T.);
#2367 = EDGE_CURVE('',#2360,#2368,#2370,.T.);
#2368 = VERTEX_POINT('',#2369);
#2369 = CARTESIAN_POINT('',(123.12296754002,72.902124356068,    1.600050800102));
#2370 = CIRCLE('',#2371,0.250012700025);
#2371 = AXIS2_PLACEMENT_3D('',#2372,#2373,#2374);
#2372 = CARTESIAN_POINT('',(123.37298024005,72.902124356068,    1.600050800102));
#2373 = DIRECTION('',(0.,0.,1.));
#2374 = DIRECTION('',(1.,1.110223024625E-16,-0.));
#2375 = ORIENTED_EDGE('',*,*,#2376,.F.);
#2376 = EDGE_CURVE('',#2377,#2368,#2379,.T.);
#2377 = VERTEX_POINT('',#2378);
#2378 = CARTESIAN_POINT('',(123.12296754002,72.902124356068,0.));
#2379 = LINE('',#2380,#2381);
#2380 = CARTESIAN_POINT('',(123.12296754002,72.902124356068,0.));
#2381 = VECTOR('',#2382,1.);
#2382 = DIRECTION('',(0.,0.,1.));
#2383 = ORIENTED_EDGE('',*,*,#2384,.F.);
#2384 = EDGE_CURVE('',#2358,#2377,#2385,.T.);
#2385 = CIRCLE('',#2386,0.250012700025);
#2386 = AXIS2_PLACEMENT_3D('',#2387,#2388,#2389);
#2387 = CARTESIAN_POINT('',(123.37298024005,72.902124356068,0.));
#2388 = DIRECTION('',(0.,0.,1.));
#2389 = DIRECTION('',(1.,1.110223024625E-16,-0.));
#2390 = CYLINDRICAL_SURFACE('',#2391,0.250012700025);
#2391 = AXIS2_PLACEMENT_3D('',#2392,#2393,#2394);
#2392 = CARTESIAN_POINT('',(123.37298024005,72.902124356068,0.));
#2393 = DIRECTION('',(-0.,-0.,-1.));
#2394 = DIRECTION('',(1.,1.110223024625E-16,-0.));
#2395 = ADVANCED_FACE('',(#2396),#2414,.F.);
#2396 = FACE_BOUND('',#2397,.T.);
#2397 = EDGE_LOOP('',(#2398,#2399,#2406,#2407));
#2398 = ORIENTED_EDGE('',*,*,#2376,.T.);
#2399 = ORIENTED_EDGE('',*,*,#2400,.T.);
#2400 = EDGE_CURVE('',#2368,#2360,#2401,.T.);
#2401 = CIRCLE('',#2402,0.250012700025);
#2402 = AXIS2_PLACEMENT_3D('',#2403,#2404,#2405);
#2403 = CARTESIAN_POINT('',(123.37298024005,72.902124356068,    1.600050800102));
#2404 = DIRECTION('',(0.,0.,1.));
#2405 = DIRECTION('',(-1.,-1.110223024625E-16,0.));
#2406 = ORIENTED_EDGE('',*,*,#2357,.F.);
#2407 = ORIENTED_EDGE('',*,*,#2408,.F.);
#2408 = EDGE_CURVE('',#2377,#2358,#2409,.T.);
#2409 = CIRCLE('',#2410,0.250012700025);
#2410 = AXIS2_PLACEMENT_3D('',#2411,#2412,#2413);
#2411 = CARTESIAN_POINT('',(123.37298024005,72.902124356068,0.));
#2412 = DIRECTION('',(0.,0.,1.));
#2413 = DIRECTION('',(-1.,-1.110223024625E-16,0.));
#2414 = CYLINDRICAL_SURFACE('',#2415,0.250012700025);
#2415 = AXIS2_PLACEMENT_3D('',#2416,#2417,#2418);
#2416 = CARTESIAN_POINT('',(123.37298024005,72.902124356068,0.));
#2417 = DIRECTION('',(-0.,-0.,-1.));
#2418 = DIRECTION('',(-1.,-1.110223024625E-16,0.));
#2419 = ADVANCED_FACE('',(#2420),#2456,.F.);
#2420 = FACE_BOUND('',#2421,.T.);
#2421 = EDGE_LOOP('',(#2422,#2432,#2441,#2449));
#2422 = ORIENTED_EDGE('',*,*,#2423,.T.);
#2423 = EDGE_CURVE('',#2424,#2426,#2428,.T.);
#2424 = VERTEX_POINT('',#2425);
#2425 = CARTESIAN_POINT('',(123.62322403167,70.701950870494,0.));
#2426 = VERTEX_POINT('',#2427);
#2427 = CARTESIAN_POINT('',(123.62322403167,70.701950870494,    1.600050800102));
#2428 = LINE('',#2429,#2430);
#2429 = CARTESIAN_POINT('',(123.62322403167,70.701950870494,0.));
#2430 = VECTOR('',#2431,1.);
#2431 = DIRECTION('',(0.,0.,1.));
#2432 = ORIENTED_EDGE('',*,*,#2433,.T.);
#2433 = EDGE_CURVE('',#2426,#2434,#2436,.T.);
#2434 = VERTEX_POINT('',#2435);
#2435 = CARTESIAN_POINT('',(123.12319863162,70.701950870494,    1.600050800102));
#2436 = CIRCLE('',#2437,0.250012700025);
#2437 = AXIS2_PLACEMENT_3D('',#2438,#2439,#2440);
#2438 = CARTESIAN_POINT('',(123.37321133164,70.701950870494,    1.600050800102));
#2439 = DIRECTION('',(0.,0.,1.));
#2440 = DIRECTION('',(1.,1.110223024625E-16,-0.));
#2441 = ORIENTED_EDGE('',*,*,#2442,.F.);
#2442 = EDGE_CURVE('',#2443,#2434,#2445,.T.);
#2443 = VERTEX_POINT('',#2444);
#2444 = CARTESIAN_POINT('',(123.12319863162,70.701950870494,0.));
#2445 = LINE('',#2446,#2447);
#2446 = CARTESIAN_POINT('',(123.12319863162,70.701950870494,0.));
#2447 = VECTOR('',#2448,1.);
#2448 = DIRECTION('',(0.,0.,1.));
#2449 = ORIENTED_EDGE('',*,*,#2450,.F.);
#2450 = EDGE_CURVE('',#2424,#2443,#2451,.T.);
#2451 = CIRCLE('',#2452,0.250012700025);
#2452 = AXIS2_PLACEMENT_3D('',#2453,#2454,#2455);
#2453 = CARTESIAN_POINT('',(123.37321133164,70.701950870494,0.));
#2454 = DIRECTION('',(0.,0.,1.));
#2455 = DIRECTION('',(1.,1.110223024625E-16,-0.));
#2456 = CYLINDRICAL_SURFACE('',#2457,0.250012700025);
#2457 = AXIS2_PLACEMENT_3D('',#2458,#2459,#2460);
#2458 = CARTESIAN_POINT('',(123.37321133164,70.701950870494,0.));
#2459 = DIRECTION('',(-0.,-0.,-1.));
#2460 = DIRECTION('',(1.,1.110223024625E-16,-0.));
#2461 = ADVANCED_FACE('',(#2462),#2480,.F.);
#2462 = FACE_BOUND('',#2463,.T.);
#2463 = EDGE_LOOP('',(#2464,#2465,#2472,#2473));
#2464 = ORIENTED_EDGE('',*,*,#2442,.T.);
#2465 = ORIENTED_EDGE('',*,*,#2466,.T.);
#2466 = EDGE_CURVE('',#2434,#2426,#2467,.T.);
#2467 = CIRCLE('',#2468,0.250012700025);
#2468 = AXIS2_PLACEMENT_3D('',#2469,#2470,#2471);
#2469 = CARTESIAN_POINT('',(123.37321133164,70.701950870494,    1.600050800102));
#2470 = DIRECTION('',(0.,0.,1.));
#2471 = DIRECTION('',(-1.,-1.110223024625E-16,0.));
#2472 = ORIENTED_EDGE('',*,*,#2423,.F.);
#2473 = ORIENTED_EDGE('',*,*,#2474,.F.);
#2474 = EDGE_CURVE('',#2443,#2424,#2475,.T.);
#2475 = CIRCLE('',#2476,0.250012700025);
#2476 = AXIS2_PLACEMENT_3D('',#2477,#2478,#2479);
#2477 = CARTESIAN_POINT('',(123.37321133164,70.701950870494,0.));
#2478 = DIRECTION('',(0.,0.,1.));
#2479 = DIRECTION('',(-1.,-1.110223024625E-16,0.));
#2480 = CYLINDRICAL_SURFACE('',#2481,0.250012700025);
#2481 = AXIS2_PLACEMENT_3D('',#2482,#2483,#2484);
#2482 = CARTESIAN_POINT('',(123.37321133164,70.701950870494,0.));
#2483 = DIRECTION('',(-0.,-0.,-1.));
#2484 = DIRECTION('',(-1.,-1.110223024625E-16,0.));
#2485 = ADVANCED_FACE('',(#2486),#2522,.F.);
#2486 = FACE_BOUND('',#2487,.T.);
#2487 = EDGE_LOOP('',(#2488,#2498,#2507,#2515));
#2488 = ORIENTED_EDGE('',*,*,#2489,.T.);
#2489 = EDGE_CURVE('',#2490,#2492,#2494,.T.);
#2490 = VERTEX_POINT('',#2491);
#2491 = CARTESIAN_POINT('',(123.94799929008,26.500013611846,0.));
#2492 = VERTEX_POINT('',#2493);
#2493 = CARTESIAN_POINT('',(123.94799929008,26.500013611846,    1.600050800102));
#2494 = LINE('',#2495,#2496);
#2495 = CARTESIAN_POINT('',(123.94799929008,26.500013611846,0.));
#2496 = VECTOR('',#2497,1.);
#2497 = DIRECTION('',(0.,0.,1.));
#2498 = ORIENTED_EDGE('',*,*,#2499,.T.);
#2499 = EDGE_CURVE('',#2492,#2500,#2502,.T.);
#2500 = VERTEX_POINT('',#2501);
#2501 = CARTESIAN_POINT('',(123.44797389003,26.500013611846,    1.600050800102));
#2502 = CIRCLE('',#2503,0.250012700025);
#2503 = AXIS2_PLACEMENT_3D('',#2504,#2505,#2506);
#2504 = CARTESIAN_POINT('',(123.69798659006,26.500013611846,    1.600050800102));
#2505 = DIRECTION('',(0.,0.,1.));
#2506 = DIRECTION('',(1.,1.110223024625E-16,-0.));
#2507 = ORIENTED_EDGE('',*,*,#2508,.F.);
#2508 = EDGE_CURVE('',#2509,#2500,#2511,.T.);
#2509 = VERTEX_POINT('',#2510);
#2510 = CARTESIAN_POINT('',(123.44797389003,26.500013611846,0.));
#2511 = LINE('',#2512,#2513);
#2512 = CARTESIAN_POINT('',(123.44797389003,26.500013611846,0.));
#2513 = VECTOR('',#2514,1.);
#2514 = DIRECTION('',(0.,0.,1.));
#2515 = ORIENTED_EDGE('',*,*,#2516,.F.);
#2516 = EDGE_CURVE('',#2490,#2509,#2517,.T.);
#2517 = CIRCLE('',#2518,0.250012700025);
#2518 = AXIS2_PLACEMENT_3D('',#2519,#2520,#2521);
#2519 = CARTESIAN_POINT('',(123.69798659006,26.500013611846,0.));
#2520 = DIRECTION('',(0.,0.,1.));
#2521 = DIRECTION('',(1.,1.110223024625E-16,-0.));
#2522 = CYLINDRICAL_SURFACE('',#2523,0.250012700025);
#2523 = AXIS2_PLACEMENT_3D('',#2524,#2525,#2526);
#2524 = CARTESIAN_POINT('',(123.69798659006,26.500013611846,0.));
#2525 = DIRECTION('',(-0.,-0.,-1.));
#2526 = DIRECTION('',(1.,1.110223024625E-16,-0.));
#2527 = ADVANCED_FACE('',(#2528),#2546,.F.);
#2528 = FACE_BOUND('',#2529,.T.);
#2529 = EDGE_LOOP('',(#2530,#2531,#2538,#2539));
#2530 = ORIENTED_EDGE('',*,*,#2508,.T.);
#2531 = ORIENTED_EDGE('',*,*,#2532,.T.);
#2532 = EDGE_CURVE('',#2500,#2492,#2533,.T.);
#2533 = CIRCLE('',#2534,0.250012700025);
#2534 = AXIS2_PLACEMENT_3D('',#2535,#2536,#2537);
#2535 = CARTESIAN_POINT('',(123.69798659006,26.500013611846,    1.600050800102));
#2536 = DIRECTION('',(0.,0.,1.));
#2537 = DIRECTION('',(-1.,-1.110223024625E-16,0.));
#2538 = ORIENTED_EDGE('',*,*,#2489,.F.);
#2539 = ORIENTED_EDGE('',*,*,#2540,.F.);
#2540 = EDGE_CURVE('',#2509,#2490,#2541,.T.);
#2541 = CIRCLE('',#2542,0.250012700025);
#2542 = AXIS2_PLACEMENT_3D('',#2543,#2544,#2545);
#2543 = CARTESIAN_POINT('',(123.69798659006,26.500013611846,0.));
#2544 = DIRECTION('',(0.,0.,1.));
#2545 = DIRECTION('',(-1.,-1.110223024625E-16,0.));
#2546 = CYLINDRICAL_SURFACE('',#2547,0.250012700025);
#2547 = AXIS2_PLACEMENT_3D('',#2548,#2549,#2550);
#2548 = CARTESIAN_POINT('',(123.69798659006,26.500013611846,0.));
#2549 = DIRECTION('',(-0.,-0.,-1.));
#2550 = DIRECTION('',(-1.,-1.110223024625E-16,0.));
#2551 = ADVANCED_FACE('',(#2552),#2588,.F.);
#2552 = FACE_BOUND('',#2553,.T.);
#2553 = EDGE_LOOP('',(#2554,#2564,#2573,#2581));
#2554 = ORIENTED_EDGE('',*,*,#2555,.T.);
#2555 = EDGE_CURVE('',#2556,#2558,#2560,.T.);
#2556 = VERTEX_POINT('',#2557);
#2557 = CARTESIAN_POINT('',(123.94823038168,24.299840126273,0.));
#2558 = VERTEX_POINT('',#2559);
#2559 = CARTESIAN_POINT('',(123.94823038168,24.299840126273,    1.600050800102));
#2560 = LINE('',#2561,#2562);
#2561 = CARTESIAN_POINT('',(123.94823038168,24.299840126273,0.));
#2562 = VECTOR('',#2563,1.);
#2563 = DIRECTION('',(0.,0.,1.));
#2564 = ORIENTED_EDGE('',*,*,#2565,.T.);
#2565 = EDGE_CURVE('',#2558,#2566,#2568,.T.);
#2566 = VERTEX_POINT('',#2567);
#2567 = CARTESIAN_POINT('',(123.44820498163,24.299840126273,    1.600050800102));
#2568 = CIRCLE('',#2569,0.250012700025);
#2569 = AXIS2_PLACEMENT_3D('',#2570,#2571,#2572);
#2570 = CARTESIAN_POINT('',(123.69821768166,24.299840126273,    1.600050800102));
#2571 = DIRECTION('',(0.,0.,1.));
#2572 = DIRECTION('',(1.,1.110223024625E-16,-0.));
#2573 = ORIENTED_EDGE('',*,*,#2574,.F.);
#2574 = EDGE_CURVE('',#2575,#2566,#2577,.T.);
#2575 = VERTEX_POINT('',#2576);
#2576 = CARTESIAN_POINT('',(123.44820498163,24.299840126273,0.));
#2577 = LINE('',#2578,#2579);
#2578 = CARTESIAN_POINT('',(123.44820498163,24.299840126273,0.));
#2579 = VECTOR('',#2580,1.);
#2580 = DIRECTION('',(0.,0.,1.));
#2581 = ORIENTED_EDGE('',*,*,#2582,.F.);
#2582 = EDGE_CURVE('',#2556,#2575,#2583,.T.);
#2583 = CIRCLE('',#2584,0.250012700025);
#2584 = AXIS2_PLACEMENT_3D('',#2585,#2586,#2587);
#2585 = CARTESIAN_POINT('',(123.69821768166,24.299840126273,0.));
#2586 = DIRECTION('',(0.,0.,1.));
#2587 = DIRECTION('',(1.,1.110223024625E-16,-0.));
#2588 = CYLINDRICAL_SURFACE('',#2589,0.250012700025);
#2589 = AXIS2_PLACEMENT_3D('',#2590,#2591,#2592);
#2590 = CARTESIAN_POINT('',(123.69821768166,24.299840126273,0.));
#2591 = DIRECTION('',(-0.,-0.,-1.));
#2592 = DIRECTION('',(1.,1.110223024625E-16,-0.));
#2593 = ADVANCED_FACE('',(#2594),#2612,.F.);
#2594 = FACE_BOUND('',#2595,.T.);
#2595 = EDGE_LOOP('',(#2596,#2597,#2604,#2605));
#2596 = ORIENTED_EDGE('',*,*,#2574,.T.);
#2597 = ORIENTED_EDGE('',*,*,#2598,.T.);
#2598 = EDGE_CURVE('',#2566,#2558,#2599,.T.);
#2599 = CIRCLE('',#2600,0.250012700025);
#2600 = AXIS2_PLACEMENT_3D('',#2601,#2602,#2603);
#2601 = CARTESIAN_POINT('',(123.69821768166,24.299840126273,    1.600050800102));
#2602 = DIRECTION('',(0.,0.,1.));
#2603 = DIRECTION('',(-1.,-1.110223024625E-16,0.));
#2604 = ORIENTED_EDGE('',*,*,#2555,.F.);
#2605 = ORIENTED_EDGE('',*,*,#2606,.F.);
#2606 = EDGE_CURVE('',#2575,#2556,#2607,.T.);
#2607 = CIRCLE('',#2608,0.250012700025);
#2608 = AXIS2_PLACEMENT_3D('',#2609,#2610,#2611);
#2609 = CARTESIAN_POINT('',(123.69821768166,24.299840126273,0.));
#2610 = DIRECTION('',(0.,0.,1.));
#2611 = DIRECTION('',(-1.,-1.110223024625E-16,0.));
#2612 = CYLINDRICAL_SURFACE('',#2613,0.250012700025);
#2613 = AXIS2_PLACEMENT_3D('',#2614,#2615,#2616);
#2614 = CARTESIAN_POINT('',(123.69821768166,24.299840126273,0.));
#2615 = DIRECTION('',(-0.,-0.,-1.));
#2616 = DIRECTION('',(-1.,-1.110223024625E-16,0.));
#2617 = ADVANCED_FACE('',(#2618),#2654,.F.);
#2618 = FACE_BOUND('',#2619,.T.);
#2619 = EDGE_LOOP('',(#2620,#2630,#2639,#2647));
#2620 = ORIENTED_EDGE('',*,*,#2621,.T.);
#2621 = EDGE_CURVE('',#2622,#2624,#2626,.T.);
#2622 = VERTEX_POINT('',#2623);
#2623 = CARTESIAN_POINT('',(126.82828295656,71.802237744476,0.));
#2624 = VERTEX_POINT('',#2625);
#2625 = CARTESIAN_POINT('',(126.82828295656,71.802237744476,    1.600050800102));
#2626 = LINE('',#2627,#2628);
#2627 = CARTESIAN_POINT('',(126.82828295656,71.802237744476,0.));
#2628 = VECTOR('',#2629,1.);
#2629 = DIRECTION('',(0.,0.,1.));
#2630 = ORIENTED_EDGE('',*,*,#2631,.T.);
#2631 = EDGE_CURVE('',#2624,#2632,#2634,.T.);
#2632 = VERTEX_POINT('',#2633);
#2633 = CARTESIAN_POINT('',(123.72825755651,71.802237744476,    1.600050800102));
#2634 = CIRCLE('',#2635,1.550012700025);
#2635 = AXIS2_PLACEMENT_3D('',#2636,#2637,#2638);
#2636 = CARTESIAN_POINT('',(125.27827025654,71.802237744476,    1.600050800102));
#2637 = DIRECTION('',(0.,0.,1.));
#2638 = DIRECTION('',(1.,1.110223024625E-16,-0.));
#2639 = ORIENTED_EDGE('',*,*,#2640,.F.);
#2640 = EDGE_CURVE('',#2641,#2632,#2643,.T.);
#2641 = VERTEX_POINT('',#2642);
#2642 = CARTESIAN_POINT('',(123.72825755651,71.802237744476,0.));
#2643 = LINE('',#2644,#2645);
#2644 = CARTESIAN_POINT('',(123.72825755651,71.802237744476,0.));
#2645 = VECTOR('',#2646,1.);
#2646 = DIRECTION('',(0.,0.,1.));
#2647 = ORIENTED_EDGE('',*,*,#2648,.F.);
#2648 = EDGE_CURVE('',#2622,#2641,#2649,.T.);
#2649 = CIRCLE('',#2650,1.550012700025);
#2650 = AXIS2_PLACEMENT_3D('',#2651,#2652,#2653);
#2651 = CARTESIAN_POINT('',(125.27827025654,71.802237744476,0.));
#2652 = DIRECTION('',(0.,0.,1.));
#2653 = DIRECTION('',(1.,1.110223024625E-16,-0.));
#2654 = CYLINDRICAL_SURFACE('',#2655,1.550012700025);
#2655 = AXIS2_PLACEMENT_3D('',#2656,#2657,#2658);
#2656 = CARTESIAN_POINT('',(125.27827025654,71.802237744476,0.));
#2657 = DIRECTION('',(-0.,-0.,-1.));
#2658 = DIRECTION('',(1.,1.110223024625E-16,-0.));
#2659 = ADVANCED_FACE('',(#2660),#2678,.F.);
#2660 = FACE_BOUND('',#2661,.T.);
#2661 = EDGE_LOOP('',(#2662,#2663,#2670,#2671));
#2662 = ORIENTED_EDGE('',*,*,#2640,.T.);
#2663 = ORIENTED_EDGE('',*,*,#2664,.T.);
#2664 = EDGE_CURVE('',#2632,#2624,#2665,.T.);
#2665 = CIRCLE('',#2666,1.550012700025);
#2666 = AXIS2_PLACEMENT_3D('',#2667,#2668,#2669);
#2667 = CARTESIAN_POINT('',(125.27827025654,71.802237744476,    1.600050800102));
#2668 = DIRECTION('',(0.,0.,1.));
#2669 = DIRECTION('',(-1.,-1.110223024625E-16,0.));
#2670 = ORIENTED_EDGE('',*,*,#2621,.F.);
#2671 = ORIENTED_EDGE('',*,*,#2672,.F.);
#2672 = EDGE_CURVE('',#2641,#2622,#2673,.T.);
#2673 = CIRCLE('',#2674,1.550012700025);
#2674 = AXIS2_PLACEMENT_3D('',#2675,#2676,#2677);
#2675 = CARTESIAN_POINT('',(125.27827025654,71.802237744476,0.));
#2676 = DIRECTION('',(0.,0.,1.));
#2677 = DIRECTION('',(-1.,-1.110223024625E-16,0.));
#2678 = CYLINDRICAL_SURFACE('',#2679,1.550012700025);
#2679 = AXIS2_PLACEMENT_3D('',#2680,#2681,#2682);
#2680 = CARTESIAN_POINT('',(125.27827025654,71.802237744476,0.));
#2681 = DIRECTION('',(-0.,-0.,-1.));
#2682 = DIRECTION('',(-1.,-1.110223024625E-16,0.));
#2683 = ADVANCED_FACE('',(#2684),#2720,.F.);
#2684 = FACE_BOUND('',#2685,.T.);
#2685 = EDGE_LOOP('',(#2686,#2696,#2705,#2713));
#2686 = ORIENTED_EDGE('',*,*,#2687,.T.);
#2687 = EDGE_CURVE('',#2688,#2690,#2692,.T.);
#2688 = VERTEX_POINT('',#2689);
#2689 = CARTESIAN_POINT('',(127.15328930657,25.400127000254,0.));
#2690 = VERTEX_POINT('',#2691);
#2691 = CARTESIAN_POINT('',(127.15328930657,25.400127000254,    1.600050800102));
#2692 = LINE('',#2693,#2694);
#2693 = CARTESIAN_POINT('',(127.15328930657,25.400127000254,0.));
#2694 = VECTOR('',#2695,1.);
#2695 = DIRECTION('',(0.,0.,1.));
#2696 = ORIENTED_EDGE('',*,*,#2697,.T.);
#2697 = EDGE_CURVE('',#2690,#2698,#2700,.T.);
#2698 = VERTEX_POINT('',#2699);
#2699 = CARTESIAN_POINT('',(124.05326390652,25.400127000254,    1.600050800102));
#2700 = CIRCLE('',#2701,1.550012700025);
#2701 = AXIS2_PLACEMENT_3D('',#2702,#2703,#2704);
#2702 = CARTESIAN_POINT('',(125.60327660655,25.400127000254,    1.600050800102));
#2703 = DIRECTION('',(0.,0.,1.));
#2704 = DIRECTION('',(1.,1.110223024625E-16,-0.));
#2705 = ORIENTED_EDGE('',*,*,#2706,.F.);
#2706 = EDGE_CURVE('',#2707,#2698,#2709,.T.);
#2707 = VERTEX_POINT('',#2708);
#2708 = CARTESIAN_POINT('',(124.05326390652,25.400127000254,0.));
#2709 = LINE('',#2710,#2711);
#2710 = CARTESIAN_POINT('',(124.05326390652,25.400127000254,0.));
#2711 = VECTOR('',#2712,1.);
#2712 = DIRECTION('',(0.,0.,1.));
#2713 = ORIENTED_EDGE('',*,*,#2714,.F.);
#2714 = EDGE_CURVE('',#2688,#2707,#2715,.T.);
#2715 = CIRCLE('',#2716,1.550012700025);
#2716 = AXIS2_PLACEMENT_3D('',#2717,#2718,#2719);
#2717 = CARTESIAN_POINT('',(125.60327660655,25.400127000254,0.));
#2718 = DIRECTION('',(0.,0.,1.));
#2719 = DIRECTION('',(1.,1.110223024625E-16,-0.));
#2720 = CYLINDRICAL_SURFACE('',#2721,1.550012700025);
#2721 = AXIS2_PLACEMENT_3D('',#2722,#2723,#2724);
#2722 = CARTESIAN_POINT('',(125.60327660655,25.400127000254,0.));
#2723 = DIRECTION('',(-0.,-0.,-1.));
#2724 = DIRECTION('',(1.,1.110223024625E-16,-0.));
#2725 = ADVANCED_FACE('',(#2726),#2744,.F.);
#2726 = FACE_BOUND('',#2727,.T.);
#2727 = EDGE_LOOP('',(#2728,#2729,#2736,#2737));
#2728 = ORIENTED_EDGE('',*,*,#2706,.T.);
#2729 = ORIENTED_EDGE('',*,*,#2730,.T.);
#2730 = EDGE_CURVE('',#2698,#2690,#2731,.T.);
#2731 = CIRCLE('',#2732,1.550012700025);
#2732 = AXIS2_PLACEMENT_3D('',#2733,#2734,#2735);
#2733 = CARTESIAN_POINT('',(125.60327660655,25.400127000254,    1.600050800102));
#2734 = DIRECTION('',(0.,0.,1.));
#2735 = DIRECTION('',(-1.,-1.110223024625E-16,0.));
#2736 = ORIENTED_EDGE('',*,*,#2687,.F.);
#2737 = ORIENTED_EDGE('',*,*,#2738,.F.);
#2738 = EDGE_CURVE('',#2707,#2688,#2739,.T.);
#2739 = CIRCLE('',#2740,1.550012700025);
#2740 = AXIS2_PLACEMENT_3D('',#2741,#2742,#2743);
#2741 = CARTESIAN_POINT('',(125.60327660655,25.400127000254,0.));
#2742 = DIRECTION('',(0.,0.,1.));
#2743 = DIRECTION('',(-1.,-1.110223024625E-16,0.));
#2744 = CYLINDRICAL_SURFACE('',#2745,1.550012700025);
#2745 = AXIS2_PLACEMENT_3D('',#2746,#2747,#2748);
#2746 = CARTESIAN_POINT('',(125.60327660655,25.400127000254,0.));
#2747 = DIRECTION('',(-0.,-0.,-1.));
#2748 = DIRECTION('',(-1.,-1.110223024625E-16,0.));
#2749 = ADVANCED_FACE('',(#2750),#2786,.F.);
#2750 = FACE_BOUND('',#2751,.T.);
#2751 = EDGE_LOOP('',(#2752,#2762,#2771,#2779));
#2752 = ORIENTED_EDGE('',*,*,#2753,.T.);
#2753 = EDGE_CURVE('',#2754,#2756,#2758,.T.);
#2754 = VERTEX_POINT('',#2755);
#2755 = CARTESIAN_POINT('',(127.99212598425,40.386080772162,0.));
#2756 = VERTEX_POINT('',#2757);
#2757 = CARTESIAN_POINT('',(127.99212598425,40.386080772162,    1.600050800102));
#2758 = LINE('',#2759,#2760);
#2759 = CARTESIAN_POINT('',(127.99212598425,40.386080772162,0.));
#2760 = VECTOR('',#2761,1.);
#2761 = DIRECTION('',(0.,0.,1.));
#2762 = ORIENTED_EDGE('',*,*,#2763,.T.);
#2763 = EDGE_CURVE('',#2756,#2764,#2766,.T.);
#2764 = VERTEX_POINT('',#2765);
#2765 = CARTESIAN_POINT('',(124.99237998476,40.386080772162,    1.600050800102));
#2766 = CIRCLE('',#2767,1.499872999746);
#2767 = AXIS2_PLACEMENT_3D('',#2768,#2769,#2770);
#2768 = CARTESIAN_POINT('',(126.4922529845,40.386080772162,    1.600050800102));
#2769 = DIRECTION('',(0.,0.,1.));
#2770 = DIRECTION('',(1.,1.110223024625E-16,-0.));
#2771 = ORIENTED_EDGE('',*,*,#2772,.F.);
#2772 = EDGE_CURVE('',#2773,#2764,#2775,.T.);
#2773 = VERTEX_POINT('',#2774);
#2774 = CARTESIAN_POINT('',(124.99237998476,40.386080772162,0.));
#2775 = LINE('',#2776,#2777);
#2776 = CARTESIAN_POINT('',(124.99237998476,40.386080772162,0.));
#2777 = VECTOR('',#2778,1.);
#2778 = DIRECTION('',(0.,0.,1.));
#2779 = ORIENTED_EDGE('',*,*,#2780,.F.);
#2780 = EDGE_CURVE('',#2754,#2773,#2781,.T.);
#2781 = CIRCLE('',#2782,1.499872999746);
#2782 = AXIS2_PLACEMENT_3D('',#2783,#2784,#2785);
#2783 = CARTESIAN_POINT('',(126.4922529845,40.386080772162,0.));
#2784 = DIRECTION('',(0.,0.,1.));
#2785 = DIRECTION('',(1.,1.110223024625E-16,-0.));
#2786 = CYLINDRICAL_SURFACE('',#2787,1.499872999746);
#2787 = AXIS2_PLACEMENT_3D('',#2788,#2789,#2790);
#2788 = CARTESIAN_POINT('',(126.4922529845,40.386080772162,0.));
#2789 = DIRECTION('',(-0.,-0.,-1.));
#2790 = DIRECTION('',(1.,1.110223024625E-16,-0.));
#2791 = ADVANCED_FACE('',(#2792),#2810,.F.);
#2792 = FACE_BOUND('',#2793,.T.);
#2793 = EDGE_LOOP('',(#2794,#2795,#2802,#2803));
#2794 = ORIENTED_EDGE('',*,*,#2772,.T.);
#2795 = ORIENTED_EDGE('',*,*,#2796,.T.);
#2796 = EDGE_CURVE('',#2764,#2756,#2797,.T.);
#2797 = CIRCLE('',#2798,1.499872999746);
#2798 = AXIS2_PLACEMENT_3D('',#2799,#2800,#2801);
#2799 = CARTESIAN_POINT('',(126.4922529845,40.386080772162,    1.600050800102));
#2800 = DIRECTION('',(0.,0.,1.));
#2801 = DIRECTION('',(-1.,-1.110223024625E-16,0.));
#2802 = ORIENTED_EDGE('',*,*,#2753,.F.);
#2803 = ORIENTED_EDGE('',*,*,#2804,.F.);
#2804 = EDGE_CURVE('',#2773,#2754,#2805,.T.);
#2805 = CIRCLE('',#2806,1.499872999746);
#2806 = AXIS2_PLACEMENT_3D('',#2807,#2808,#2809);
#2807 = CARTESIAN_POINT('',(126.4922529845,40.386080772162,0.));
#2808 = DIRECTION('',(0.,0.,1.));
#2809 = DIRECTION('',(-1.,-1.110223024625E-16,0.));
#2810 = CYLINDRICAL_SURFACE('',#2811,1.499872999746);
#2811 = AXIS2_PLACEMENT_3D('',#2812,#2813,#2814);
#2812 = CARTESIAN_POINT('',(126.4922529845,40.386080772162,0.));
#2813 = DIRECTION('',(-0.,-0.,-1.));
#2814 = DIRECTION('',(-1.,-1.110223024625E-16,0.));
#2815 = ADVANCED_FACE('',(#2816),#2852,.F.);
#2816 = FACE_BOUND('',#2817,.T.);
#2817 = EDGE_LOOP('',(#2818,#2828,#2837,#2845));
#2818 = ORIENTED_EDGE('',*,*,#2819,.T.);
#2819 = EDGE_CURVE('',#2820,#2822,#2824,.T.);
#2820 = VERTEX_POINT('',#2821);
#2821 = CARTESIAN_POINT('',(125.52823215646,69.602339344679,0.));
#2822 = VERTEX_POINT('',#2823);
#2823 = CARTESIAN_POINT('',(125.52823215646,69.602339344679,    1.600050800102));
#2824 = LINE('',#2825,#2826);
#2825 = CARTESIAN_POINT('',(125.52823215646,69.602339344679,0.));
#2826 = VECTOR('',#2827,1.);
#2827 = DIRECTION('',(0.,0.,1.));
#2828 = ORIENTED_EDGE('',*,*,#2829,.T.);
#2829 = EDGE_CURVE('',#2822,#2830,#2832,.T.);
#2830 = VERTEX_POINT('',#2831);
#2831 = CARTESIAN_POINT('',(125.02820675641,69.602339344679,    1.600050800102));
#2832 = CIRCLE('',#2833,0.250012700025);
#2833 = AXIS2_PLACEMENT_3D('',#2834,#2835,#2836);
#2834 = CARTESIAN_POINT('',(125.27821945643,69.602339344679,    1.600050800102));
#2835 = DIRECTION('',(0.,0.,1.));
#2836 = DIRECTION('',(1.,1.110223024625E-16,-0.));
#2837 = ORIENTED_EDGE('',*,*,#2838,.F.);
#2838 = EDGE_CURVE('',#2839,#2830,#2841,.T.);
#2839 = VERTEX_POINT('',#2840);
#2840 = CARTESIAN_POINT('',(125.02820675641,69.602339344679,0.));
#2841 = LINE('',#2842,#2843);
#2842 = CARTESIAN_POINT('',(125.02820675641,69.602339344679,0.));
#2843 = VECTOR('',#2844,1.);
#2844 = DIRECTION('',(0.,0.,1.));
#2845 = ORIENTED_EDGE('',*,*,#2846,.F.);
#2846 = EDGE_CURVE('',#2820,#2839,#2847,.T.);
#2847 = CIRCLE('',#2848,0.250012700025);
#2848 = AXIS2_PLACEMENT_3D('',#2849,#2850,#2851);
#2849 = CARTESIAN_POINT('',(125.27821945643,69.602339344679,0.));
#2850 = DIRECTION('',(0.,0.,1.));
#2851 = DIRECTION('',(1.,1.110223024625E-16,-0.));
#2852 = CYLINDRICAL_SURFACE('',#2853,0.250012700025);
#2853 = AXIS2_PLACEMENT_3D('',#2854,#2855,#2856);
#2854 = CARTESIAN_POINT('',(125.27821945643,69.602339344679,0.));
#2855 = DIRECTION('',(-0.,-0.,-1.));
#2856 = DIRECTION('',(1.,1.110223024625E-16,-0.));
#2857 = ADVANCED_FACE('',(#2858),#2876,.F.);
#2858 = FACE_BOUND('',#2859,.T.);
#2859 = EDGE_LOOP('',(#2860,#2861,#2868,#2869));
#2860 = ORIENTED_EDGE('',*,*,#2838,.T.);
#2861 = ORIENTED_EDGE('',*,*,#2862,.T.);
#2862 = EDGE_CURVE('',#2830,#2822,#2863,.T.);
#2863 = CIRCLE('',#2864,0.250012700025);
#2864 = AXIS2_PLACEMENT_3D('',#2865,#2866,#2867);
#2865 = CARTESIAN_POINT('',(125.27821945643,69.602339344679,    1.600050800102));
#2866 = DIRECTION('',(0.,0.,1.));
#2867 = DIRECTION('',(-1.,-1.110223024625E-16,0.));
#2868 = ORIENTED_EDGE('',*,*,#2819,.F.);
#2869 = ORIENTED_EDGE('',*,*,#2870,.F.);
#2870 = EDGE_CURVE('',#2839,#2820,#2871,.T.);
#2871 = CIRCLE('',#2872,0.250012700025);
#2872 = AXIS2_PLACEMENT_3D('',#2873,#2874,#2875);
#2873 = CARTESIAN_POINT('',(125.27821945643,69.602339344679,0.));
#2874 = DIRECTION('',(0.,0.,1.));
#2875 = DIRECTION('',(-1.,-1.110223024625E-16,0.));
#2876 = CYLINDRICAL_SURFACE('',#2877,0.250012700025);
#2877 = AXIS2_PLACEMENT_3D('',#2878,#2879,#2880);
#2878 = CARTESIAN_POINT('',(125.27821945643,69.602339344679,0.));
#2879 = DIRECTION('',(-0.,-0.,-1.));
#2880 = DIRECTION('',(-1.,-1.110223024625E-16,0.));
#2881 = ADVANCED_FACE('',(#2882),#2918,.F.);
#2882 = FACE_BOUND('',#2883,.T.);
#2883 = EDGE_LOOP('',(#2884,#2894,#2903,#2911));
#2884 = ORIENTED_EDGE('',*,*,#2885,.T.);
#2885 = EDGE_CURVE('',#2886,#2888,#2890,.T.);
#2886 = VERTEX_POINT('',#2887);
#2887 = CARTESIAN_POINT('',(125.52825755651,74.00239014478,0.));
#2888 = VERTEX_POINT('',#2889);
#2889 = CARTESIAN_POINT('',(125.52825755651,74.00239014478,    1.600050800102));
#2890 = LINE('',#2891,#2892);
#2891 = CARTESIAN_POINT('',(125.52825755651,74.00239014478,0.));
#2892 = VECTOR('',#2893,1.);
#2893 = DIRECTION('',(0.,0.,1.));
#2894 = ORIENTED_EDGE('',*,*,#2895,.T.);
#2895 = EDGE_CURVE('',#2888,#2896,#2898,.T.);
#2896 = VERTEX_POINT('',#2897);
#2897 = CARTESIAN_POINT('',(125.02823215646,74.00239014478,    1.600050800102));
#2898 = CIRCLE('',#2899,0.250012700025);
#2899 = AXIS2_PLACEMENT_3D('',#2900,#2901,#2902);
#2900 = CARTESIAN_POINT('',(125.27824485649,74.00239014478,    1.600050800102));
#2901 = DIRECTION('',(0.,0.,1.));
#2902 = DIRECTION('',(1.,1.110223024625E-16,-0.));
#2903 = ORIENTED_EDGE('',*,*,#2904,.F.);
#2904 = EDGE_CURVE('',#2905,#2896,#2907,.T.);
#2905 = VERTEX_POINT('',#2906);
#2906 = CARTESIAN_POINT('',(125.02823215646,74.00239014478,0.));
#2907 = LINE('',#2908,#2909);
#2908 = CARTESIAN_POINT('',(125.02823215646,74.00239014478,0.));
#2909 = VECTOR('',#2910,1.);
#2910 = DIRECTION('',(0.,0.,1.));
#2911 = ORIENTED_EDGE('',*,*,#2912,.F.);
#2912 = EDGE_CURVE('',#2886,#2905,#2913,.T.);
#2913 = CIRCLE('',#2914,0.250012700025);
#2914 = AXIS2_PLACEMENT_3D('',#2915,#2916,#2917);
#2915 = CARTESIAN_POINT('',(125.27824485649,74.00239014478,0.));
#2916 = DIRECTION('',(0.,0.,1.));
#2917 = DIRECTION('',(1.,1.110223024625E-16,-0.));
#2918 = CYLINDRICAL_SURFACE('',#2919,0.250012700025);
#2919 = AXIS2_PLACEMENT_3D('',#2920,#2921,#2922);
#2920 = CARTESIAN_POINT('',(125.27824485649,74.00239014478,0.));
#2921 = DIRECTION('',(-0.,-0.,-1.));
#2922 = DIRECTION('',(1.,1.110223024625E-16,-0.));
#2923 = ADVANCED_FACE('',(#2924),#2942,.F.);
#2924 = FACE_BOUND('',#2925,.T.);
#2925 = EDGE_LOOP('',(#2926,#2927,#2934,#2935));
#2926 = ORIENTED_EDGE('',*,*,#2904,.T.);
#2927 = ORIENTED_EDGE('',*,*,#2928,.T.);
#2928 = EDGE_CURVE('',#2896,#2888,#2929,.T.);
#2929 = CIRCLE('',#2930,0.250012700025);
#2930 = AXIS2_PLACEMENT_3D('',#2931,#2932,#2933);
#2931 = CARTESIAN_POINT('',(125.27824485649,74.00239014478,    1.600050800102));
#2932 = DIRECTION('',(0.,0.,1.));
#2933 = DIRECTION('',(-1.,-1.110223024625E-16,0.));
#2934 = ORIENTED_EDGE('',*,*,#2885,.F.);
#2935 = ORIENTED_EDGE('',*,*,#2936,.F.);
#2936 = EDGE_CURVE('',#2905,#2886,#2937,.T.);
#2937 = CIRCLE('',#2938,0.250012700025);
#2938 = AXIS2_PLACEMENT_3D('',#2939,#2940,#2941);
#2939 = CARTESIAN_POINT('',(125.27824485649,74.00239014478,0.));
#2940 = DIRECTION('',(0.,0.,1.));
#2941 = DIRECTION('',(-1.,-1.110223024625E-16,0.));
#2942 = CYLINDRICAL_SURFACE('',#2943,0.250012700025);
#2943 = AXIS2_PLACEMENT_3D('',#2944,#2945,#2946);
#2944 = CARTESIAN_POINT('',(125.27824485649,74.00239014478,0.));
#2945 = DIRECTION('',(-0.,-0.,-1.));
#2946 = DIRECTION('',(-1.,-1.110223024625E-16,0.));
#2947 = ADVANCED_FACE('',(#2948),#2984,.F.);
#2948 = FACE_BOUND('',#2949,.T.);
#2949 = EDGE_LOOP('',(#2950,#2960,#2969,#2977));
#2950 = ORIENTED_EDGE('',*,*,#2951,.T.);
#2951 = EDGE_CURVE('',#2952,#2954,#2956,.T.);
#2952 = VERTEX_POINT('',#2953);
#2953 = CARTESIAN_POINT('',(125.85323850647,23.200228600457,0.));
#2954 = VERTEX_POINT('',#2955);
#2955 = CARTESIAN_POINT('',(125.85323850647,23.200228600457,    1.600050800102));
#2956 = LINE('',#2957,#2958);
#2957 = CARTESIAN_POINT('',(125.85323850647,23.200228600457,0.));
#2958 = VECTOR('',#2959,1.);
#2959 = DIRECTION('',(0.,0.,1.));
#2960 = ORIENTED_EDGE('',*,*,#2961,.T.);
#2961 = EDGE_CURVE('',#2954,#2962,#2964,.T.);
#2962 = VERTEX_POINT('',#2963);
#2963 = CARTESIAN_POINT('',(125.35321310642,23.200228600457,    1.600050800102));
#2964 = CIRCLE('',#2965,0.250012700025);
#2965 = AXIS2_PLACEMENT_3D('',#2966,#2967,#2968);
#2966 = CARTESIAN_POINT('',(125.60322580645,23.200228600457,    1.600050800102));
#2967 = DIRECTION('',(0.,0.,1.));
#2968 = DIRECTION('',(1.,1.110223024625E-16,-0.));
#2969 = ORIENTED_EDGE('',*,*,#2970,.F.);
#2970 = EDGE_CURVE('',#2971,#2962,#2973,.T.);
#2971 = VERTEX_POINT('',#2972);
#2972 = CARTESIAN_POINT('',(125.35321310642,23.200228600457,0.));
#2973 = LINE('',#2974,#2975);
#2974 = CARTESIAN_POINT('',(125.35321310642,23.200228600457,0.));
#2975 = VECTOR('',#2976,1.);
#2976 = DIRECTION('',(0.,0.,1.));
#2977 = ORIENTED_EDGE('',*,*,#2978,.F.);
#2978 = EDGE_CURVE('',#2952,#2971,#2979,.T.);
#2979 = CIRCLE('',#2980,0.250012700025);
#2980 = AXIS2_PLACEMENT_3D('',#2981,#2982,#2983);
#2981 = CARTESIAN_POINT('',(125.60322580645,23.200228600457,0.));
#2982 = DIRECTION('',(0.,0.,1.));
#2983 = DIRECTION('',(1.,1.110223024625E-16,-0.));
#2984 = CYLINDRICAL_SURFACE('',#2985,0.250012700025);
#2985 = AXIS2_PLACEMENT_3D('',#2986,#2987,#2988);
#2986 = CARTESIAN_POINT('',(125.60322580645,23.200228600457,0.));
#2987 = DIRECTION('',(-0.,-0.,-1.));
#2988 = DIRECTION('',(1.,1.110223024625E-16,-0.));
#2989 = ADVANCED_FACE('',(#2990),#3008,.F.);
#2990 = FACE_BOUND('',#2991,.T.);
#2991 = EDGE_LOOP('',(#2992,#2993,#3000,#3001));
#2992 = ORIENTED_EDGE('',*,*,#2970,.T.);
#2993 = ORIENTED_EDGE('',*,*,#2994,.T.);
#2994 = EDGE_CURVE('',#2962,#2954,#2995,.T.);
#2995 = CIRCLE('',#2996,0.250012700025);
#2996 = AXIS2_PLACEMENT_3D('',#2997,#2998,#2999);
#2997 = CARTESIAN_POINT('',(125.60322580645,23.200228600457,    1.600050800102));
#2998 = DIRECTION('',(0.,0.,1.));
#2999 = DIRECTION('',(-1.,-1.110223024625E-16,0.));
#3000 = ORIENTED_EDGE('',*,*,#2951,.F.);
#3001 = ORIENTED_EDGE('',*,*,#3002,.F.);
#3002 = EDGE_CURVE('',#2971,#2952,#3003,.T.);
#3003 = CIRCLE('',#3004,0.250012700025);
#3004 = AXIS2_PLACEMENT_3D('',#3005,#3006,#3007);
#3005 = CARTESIAN_POINT('',(125.60322580645,23.200228600457,0.));
#3006 = DIRECTION('',(0.,0.,1.));
#3007 = DIRECTION('',(-1.,-1.110223024625E-16,0.));
#3008 = CYLINDRICAL_SURFACE('',#3009,0.250012700025);
#3009 = AXIS2_PLACEMENT_3D('',#3010,#3011,#3012);
#3010 = CARTESIAN_POINT('',(125.60322580645,23.200228600457,0.));
#3011 = DIRECTION('',(-0.,-0.,-1.));
#3012 = DIRECTION('',(-1.,-1.110223024625E-16,0.));
#3013 = ADVANCED_FACE('',(#3014),#3050,.F.);
#3014 = FACE_BOUND('',#3015,.T.);
#3015 = EDGE_LOOP('',(#3016,#3026,#3035,#3043));
#3016 = ORIENTED_EDGE('',*,*,#3017,.T.);
#3017 = EDGE_CURVE('',#3018,#3020,#3022,.T.);
#3018 = VERTEX_POINT('',#3019);
#3019 = CARTESIAN_POINT('',(125.85326390652,27.600279400559,0.));
#3020 = VERTEX_POINT('',#3021);
#3021 = CARTESIAN_POINT('',(125.85326390652,27.600279400559,    1.600050800102));
#3022 = LINE('',#3023,#3024);
#3023 = CARTESIAN_POINT('',(125.85326390652,27.600279400559,0.));
#3024 = VECTOR('',#3025,1.);
#3025 = DIRECTION('',(0.,0.,1.));
#3026 = ORIENTED_EDGE('',*,*,#3027,.T.);
#3027 = EDGE_CURVE('',#3020,#3028,#3030,.T.);
#3028 = VERTEX_POINT('',#3029);
#3029 = CARTESIAN_POINT('',(125.35323850647,27.600279400559,    1.600050800102));
#3030 = CIRCLE('',#3031,0.250012700025);
#3031 = AXIS2_PLACEMENT_3D('',#3032,#3033,#3034);
#3032 = CARTESIAN_POINT('',(125.6032512065,27.600279400559,    1.600050800102));
#3033 = DIRECTION('',(0.,0.,1.));
#3034 = DIRECTION('',(1.,1.110223024625E-16,-0.));
#3035 = ORIENTED_EDGE('',*,*,#3036,.F.);
#3036 = EDGE_CURVE('',#3037,#3028,#3039,.T.);
#3037 = VERTEX_POINT('',#3038);
#3038 = CARTESIAN_POINT('',(125.35323850647,27.600279400559,0.));
#3039 = LINE('',#3040,#3041);
#3040 = CARTESIAN_POINT('',(125.35323850647,27.600279400559,0.));
#3041 = VECTOR('',#3042,1.);
#3042 = DIRECTION('',(0.,0.,1.));
#3043 = ORIENTED_EDGE('',*,*,#3044,.F.);
#3044 = EDGE_CURVE('',#3018,#3037,#3045,.T.);
#3045 = CIRCLE('',#3046,0.250012700025);
#3046 = AXIS2_PLACEMENT_3D('',#3047,#3048,#3049);
#3047 = CARTESIAN_POINT('',(125.6032512065,27.600279400559,0.));
#3048 = DIRECTION('',(0.,0.,1.));
#3049 = DIRECTION('',(1.,1.110223024625E-16,-0.));
#3050 = CYLINDRICAL_SURFACE('',#3051,0.250012700025);
#3051 = AXIS2_PLACEMENT_3D('',#3052,#3053,#3054);
#3052 = CARTESIAN_POINT('',(125.6032512065,27.600279400559,0.));
#3053 = DIRECTION('',(-0.,-0.,-1.));
#3054 = DIRECTION('',(1.,1.110223024625E-16,-0.));
#3055 = ADVANCED_FACE('',(#3056),#3074,.F.);
#3056 = FACE_BOUND('',#3057,.T.);
#3057 = EDGE_LOOP('',(#3058,#3059,#3066,#3067));
#3058 = ORIENTED_EDGE('',*,*,#3036,.T.);
#3059 = ORIENTED_EDGE('',*,*,#3060,.T.);
#3060 = EDGE_CURVE('',#3028,#3020,#3061,.T.);
#3061 = CIRCLE('',#3062,0.250012700025);
#3062 = AXIS2_PLACEMENT_3D('',#3063,#3064,#3065);
#3063 = CARTESIAN_POINT('',(125.6032512065,27.600279400559,    1.600050800102));
#3064 = DIRECTION('',(0.,0.,1.));
#3065 = DIRECTION('',(-1.,-1.110223024625E-16,0.));
#3066 = ORIENTED_EDGE('',*,*,#3017,.F.);
#3067 = ORIENTED_EDGE('',*,*,#3068,.F.);
#3068 = EDGE_CURVE('',#3037,#3018,#3069,.T.);
#3069 = CIRCLE('',#3070,0.250012700025);
#3070 = AXIS2_PLACEMENT_3D('',#3071,#3072,#3073);
#3071 = CARTESIAN_POINT('',(125.6032512065,27.600279400559,0.));
#3072 = DIRECTION('',(0.,0.,1.));
#3073 = DIRECTION('',(-1.,-1.110223024625E-16,0.));
#3074 = CYLINDRICAL_SURFACE('',#3075,0.250012700025);
#3075 = AXIS2_PLACEMENT_3D('',#3076,#3077,#3078);
#3076 = CARTESIAN_POINT('',(125.6032512065,27.600279400559,0.));
#3077 = DIRECTION('',(-0.,-0.,-1.));
#3078 = DIRECTION('',(-1.,-1.110223024625E-16,0.));
#3079 = ADVANCED_FACE('',(#3080),#3116,.F.);
#3080 = FACE_BOUND('',#3081,.T.);
#3081 = EDGE_LOOP('',(#3082,#3092,#3101,#3109));
#3082 = ORIENTED_EDGE('',*,*,#3083,.T.);
#3083 = EDGE_CURVE('',#3084,#3086,#3088,.T.);
#3084 = VERTEX_POINT('',#3085);
#3085 = CARTESIAN_POINT('',(127.43339019041,70.702274932731,0.));
#3086 = VERTEX_POINT('',#3087);
#3087 = CARTESIAN_POINT('',(127.43339019041,70.702274932731,    1.600050800102));
#3088 = LINE('',#3089,#3090);
#3089 = CARTESIAN_POINT('',(127.43339019041,70.702274932731,0.));
#3090 = VECTOR('',#3091,1.);
#3091 = DIRECTION('',(0.,0.,1.));
#3092 = ORIENTED_EDGE('',*,*,#3093,.T.);
#3093 = EDGE_CURVE('',#3086,#3094,#3096,.T.);
#3094 = VERTEX_POINT('',#3095);
#3095 = CARTESIAN_POINT('',(126.93336479036,70.702274932731,    1.600050800102));
#3096 = CIRCLE('',#3097,0.250012700025);
#3097 = AXIS2_PLACEMENT_3D('',#3098,#3099,#3100);
#3098 = CARTESIAN_POINT('',(127.18337749039,70.702274932731,    1.600050800102));
#3099 = DIRECTION('',(0.,0.,1.));
#3100 = DIRECTION('',(1.,1.110223024625E-16,-0.));
#3101 = ORIENTED_EDGE('',*,*,#3102,.F.);
#3102 = EDGE_CURVE('',#3103,#3094,#3105,.T.);
#3103 = VERTEX_POINT('',#3104);
#3104 = CARTESIAN_POINT('',(126.93336479036,70.702274932731,0.));
#3105 = LINE('',#3106,#3107);
#3106 = CARTESIAN_POINT('',(126.93336479036,70.702274932731,0.));
#3107 = VECTOR('',#3108,1.);
#3108 = DIRECTION('',(0.,0.,1.));
#3109 = ORIENTED_EDGE('',*,*,#3110,.F.);
#3110 = EDGE_CURVE('',#3084,#3103,#3111,.T.);
#3111 = CIRCLE('',#3112,0.250012700025);
#3112 = AXIS2_PLACEMENT_3D('',#3113,#3114,#3115);
#3113 = CARTESIAN_POINT('',(127.18337749039,70.702274932731,0.));
#3114 = DIRECTION('',(0.,0.,1.));
#3115 = DIRECTION('',(1.,1.110223024625E-16,-0.));
#3116 = CYLINDRICAL_SURFACE('',#3117,0.250012700025);
#3117 = AXIS2_PLACEMENT_3D('',#3118,#3119,#3120);
#3118 = CARTESIAN_POINT('',(127.18337749039,70.702274932731,0.));
#3119 = DIRECTION('',(-0.,-0.,-1.));
#3120 = DIRECTION('',(1.,1.110223024625E-16,-0.));
#3121 = ADVANCED_FACE('',(#3122),#3140,.F.);
#3122 = FACE_BOUND('',#3123,.T.);
#3123 = EDGE_LOOP('',(#3124,#3125,#3132,#3133));
#3124 = ORIENTED_EDGE('',*,*,#3102,.T.);
#3125 = ORIENTED_EDGE('',*,*,#3126,.T.);
#3126 = EDGE_CURVE('',#3094,#3086,#3127,.T.);
#3127 = CIRCLE('',#3128,0.250012700025);
#3128 = AXIS2_PLACEMENT_3D('',#3129,#3130,#3131);
#3129 = CARTESIAN_POINT('',(127.18337749039,70.702274932731,    1.600050800102));
#3130 = DIRECTION('',(0.,0.,1.));
#3131 = DIRECTION('',(-1.,-1.110223024625E-16,0.));
#3132 = ORIENTED_EDGE('',*,*,#3083,.F.);
#3133 = ORIENTED_EDGE('',*,*,#3134,.F.);
#3134 = EDGE_CURVE('',#3103,#3084,#3135,.T.);
#3135 = CIRCLE('',#3136,0.250012700025);
#3136 = AXIS2_PLACEMENT_3D('',#3137,#3138,#3139);
#3137 = CARTESIAN_POINT('',(127.18337749039,70.702274932731,0.));
#3138 = DIRECTION('',(0.,0.,1.));
#3139 = DIRECTION('',(-1.,-1.110223024625E-16,0.));
#3140 = CYLINDRICAL_SURFACE('',#3141,0.250012700025);
#3141 = AXIS2_PLACEMENT_3D('',#3142,#3143,#3144);
#3142 = CARTESIAN_POINT('',(127.18337749039,70.702274932731,0.));
#3143 = DIRECTION('',(-0.,-0.,-1.));
#3144 = DIRECTION('',(-1.,-1.110223024625E-16,0.));
#3145 = ADVANCED_FACE('',(#3146),#3182,.F.);
#3146 = FACE_BOUND('',#3147,.T.);
#3147 = EDGE_LOOP('',(#3148,#3158,#3167,#3175));
#3148 = ORIENTED_EDGE('',*,*,#3149,.T.);
#3149 = EDGE_CURVE('',#3150,#3152,#3154,.T.);
#3150 = VERTEX_POINT('',#3151);
#3151 = CARTESIAN_POINT('',(127.43341808161,72.902152247259,0.));
#3152 = VERTEX_POINT('',#3153);
#3153 = CARTESIAN_POINT('',(127.43341808161,72.902152247259,    1.600050800102));
#3154 = LINE('',#3155,#3156);
#3155 = CARTESIAN_POINT('',(127.43341808161,72.902152247259,0.));
#3156 = VECTOR('',#3157,1.);
#3157 = DIRECTION('',(0.,0.,1.));
#3158 = ORIENTED_EDGE('',*,*,#3159,.T.);
#3159 = EDGE_CURVE('',#3152,#3160,#3162,.T.);
#3160 = VERTEX_POINT('',#3161);
#3161 = CARTESIAN_POINT('',(126.93339268155,72.902152247259,    1.600050800102));
#3162 = CIRCLE('',#3163,0.250012700025);
#3163 = AXIS2_PLACEMENT_3D('',#3164,#3165,#3166);
#3164 = CARTESIAN_POINT('',(127.18340538158,72.902152247259,    1.600050800102));
#3165 = DIRECTION('',(0.,0.,1.));
#3166 = DIRECTION('',(1.,1.110223024625E-16,-0.));
#3167 = ORIENTED_EDGE('',*,*,#3168,.F.);
#3168 = EDGE_CURVE('',#3169,#3160,#3171,.T.);
#3169 = VERTEX_POINT('',#3170);
#3170 = CARTESIAN_POINT('',(126.93339268155,72.902152247259,0.));
#3171 = LINE('',#3172,#3173);
#3172 = CARTESIAN_POINT('',(126.93339268155,72.902152247259,0.));
#3173 = VECTOR('',#3174,1.);
#3174 = DIRECTION('',(0.,0.,1.));
#3175 = ORIENTED_EDGE('',*,*,#3176,.F.);
#3176 = EDGE_CURVE('',#3150,#3169,#3177,.T.);
#3177 = CIRCLE('',#3178,0.250012700025);
#3178 = AXIS2_PLACEMENT_3D('',#3179,#3180,#3181);
#3179 = CARTESIAN_POINT('',(127.18340538158,72.902152247259,0.));
#3180 = DIRECTION('',(0.,0.,1.));
#3181 = DIRECTION('',(1.,1.110223024625E-16,-0.));
#3182 = CYLINDRICAL_SURFACE('',#3183,0.250012700025);
#3183 = AXIS2_PLACEMENT_3D('',#3184,#3185,#3186);
#3184 = CARTESIAN_POINT('',(127.18340538158,72.902152247259,0.));
#3185 = DIRECTION('',(-0.,-0.,-1.));
#3186 = DIRECTION('',(1.,1.110223024625E-16,-0.));
#3187 = ADVANCED_FACE('',(#3188),#3206,.F.);
#3188 = FACE_BOUND('',#3189,.T.);
#3189 = EDGE_LOOP('',(#3190,#3191,#3198,#3199));
#3190 = ORIENTED_EDGE('',*,*,#3168,.T.);
#3191 = ORIENTED_EDGE('',*,*,#3192,.T.);
#3192 = EDGE_CURVE('',#3160,#3152,#3193,.T.);
#3193 = CIRCLE('',#3194,0.250012700025);
#3194 = AXIS2_PLACEMENT_3D('',#3195,#3196,#3197);
#3195 = CARTESIAN_POINT('',(127.18340538158,72.902152247259,    1.600050800102));
#3196 = DIRECTION('',(0.,0.,1.));
#3197 = DIRECTION('',(-1.,-1.110223024625E-16,0.));
#3198 = ORIENTED_EDGE('',*,*,#3149,.F.);
#3199 = ORIENTED_EDGE('',*,*,#3200,.F.);
#3200 = EDGE_CURVE('',#3169,#3150,#3201,.T.);
#3201 = CIRCLE('',#3202,0.250012700025);
#3202 = AXIS2_PLACEMENT_3D('',#3203,#3204,#3205);
#3203 = CARTESIAN_POINT('',(127.18340538158,72.902152247259,0.));
#3204 = DIRECTION('',(0.,0.,1.));
#3205 = DIRECTION('',(-1.,-1.110223024625E-16,0.));
#3206 = CYLINDRICAL_SURFACE('',#3207,0.250012700025);
#3207 = AXIS2_PLACEMENT_3D('',#3208,#3209,#3210);
#3208 = CARTESIAN_POINT('',(127.18340538158,72.902152247259,0.));
#3209 = DIRECTION('',(-0.,-0.,-1.));
#3210 = DIRECTION('',(-1.,-1.110223024625E-16,0.));
#3211 = ADVANCED_FACE('',(#3212),#3248,.F.);
#3212 = FACE_BOUND('',#3213,.T.);
#3213 = EDGE_LOOP('',(#3214,#3224,#3233,#3241));
#3214 = ORIENTED_EDGE('',*,*,#3215,.T.);
#3215 = EDGE_CURVE('',#3216,#3218,#3220,.T.);
#3216 = VERTEX_POINT('',#3217);
#3217 = CARTESIAN_POINT('',(127.75839654043,24.300164188509,0.));
#3218 = VERTEX_POINT('',#3219);
#3219 = CARTESIAN_POINT('',(127.75839654043,24.300164188509,    1.600050800102));
#3220 = LINE('',#3221,#3222);
#3221 = CARTESIAN_POINT('',(127.75839654043,24.300164188509,0.));
#3222 = VECTOR('',#3223,1.);
#3223 = DIRECTION('',(0.,0.,1.));
#3224 = ORIENTED_EDGE('',*,*,#3225,.T.);
#3225 = EDGE_CURVE('',#3218,#3226,#3228,.T.);
#3226 = VERTEX_POINT('',#3227);
#3227 = CARTESIAN_POINT('',(127.25837114038,24.300164188509,    1.600050800102));
#3228 = CIRCLE('',#3229,0.250012700025);
#3229 = AXIS2_PLACEMENT_3D('',#3230,#3231,#3232);
#3230 = CARTESIAN_POINT('',(127.5083838404,24.300164188509,    1.600050800102));
#3231 = DIRECTION('',(0.,0.,1.));
#3232 = DIRECTION('',(1.,1.110223024625E-16,-0.));
#3233 = ORIENTED_EDGE('',*,*,#3234,.F.);
#3234 = EDGE_CURVE('',#3235,#3226,#3237,.T.);
#3235 = VERTEX_POINT('',#3236);
#3236 = CARTESIAN_POINT('',(127.25837114038,24.300164188509,0.));
#3237 = LINE('',#3238,#3239);
#3238 = CARTESIAN_POINT('',(127.25837114038,24.300164188509,0.));
#3239 = VECTOR('',#3240,1.);
#3240 = DIRECTION('',(0.,0.,1.));
#3241 = ORIENTED_EDGE('',*,*,#3242,.F.);
#3242 = EDGE_CURVE('',#3216,#3235,#3243,.T.);
#3243 = CIRCLE('',#3244,0.250012700025);
#3244 = AXIS2_PLACEMENT_3D('',#3245,#3246,#3247);
#3245 = CARTESIAN_POINT('',(127.5083838404,24.300164188509,0.));
#3246 = DIRECTION('',(0.,0.,1.));
#3247 = DIRECTION('',(1.,1.110223024625E-16,-0.));
#3248 = CYLINDRICAL_SURFACE('',#3249,0.250012700025);
#3249 = AXIS2_PLACEMENT_3D('',#3250,#3251,#3252);
#3250 = CARTESIAN_POINT('',(127.5083838404,24.300164188509,0.));
#3251 = DIRECTION('',(-0.,-0.,-1.));
#3252 = DIRECTION('',(1.,1.110223024625E-16,-0.));
#3253 = ADVANCED_FACE('',(#3254),#3272,.F.);
#3254 = FACE_BOUND('',#3255,.T.);
#3255 = EDGE_LOOP('',(#3256,#3257,#3264,#3265));
#3256 = ORIENTED_EDGE('',*,*,#3234,.T.);
#3257 = ORIENTED_EDGE('',*,*,#3258,.T.);
#3258 = EDGE_CURVE('',#3226,#3218,#3259,.T.);
#3259 = CIRCLE('',#3260,0.250012700025);
#3260 = AXIS2_PLACEMENT_3D('',#3261,#3262,#3263);
#3261 = CARTESIAN_POINT('',(127.5083838404,24.300164188509,    1.600050800102));
#3262 = DIRECTION('',(0.,0.,1.));
#3263 = DIRECTION('',(-1.,-1.110223024625E-16,0.));
#3264 = ORIENTED_EDGE('',*,*,#3215,.F.);
#3265 = ORIENTED_EDGE('',*,*,#3266,.F.);
#3266 = EDGE_CURVE('',#3235,#3216,#3267,.T.);
#3267 = CIRCLE('',#3268,0.250012700025);
#3268 = AXIS2_PLACEMENT_3D('',#3269,#3270,#3271);
#3269 = CARTESIAN_POINT('',(127.5083838404,24.300164188509,0.));
#3270 = DIRECTION('',(0.,0.,1.));
#3271 = DIRECTION('',(-1.,-1.110223024625E-16,0.));
#3272 = CYLINDRICAL_SURFACE('',#3273,0.250012700025);
#3273 = AXIS2_PLACEMENT_3D('',#3274,#3275,#3276);
#3274 = CARTESIAN_POINT('',(127.5083838404,24.300164188509,0.));
#3275 = DIRECTION('',(-0.,-0.,-1.));
#3276 = DIRECTION('',(-1.,-1.110223024625E-16,0.));
#3277 = ADVANCED_FACE('',(#3278),#3314,.F.);
#3278 = FACE_BOUND('',#3279,.T.);
#3279 = EDGE_LOOP('',(#3280,#3290,#3299,#3307));
#3280 = ORIENTED_EDGE('',*,*,#3281,.T.);
#3281 = EDGE_CURVE('',#3282,#3284,#3286,.T.);
#3282 = VERTEX_POINT('',#3283);
#3283 = CARTESIAN_POINT('',(127.75842443162,26.500041503038,0.));
#3284 = VERTEX_POINT('',#3285);
#3285 = CARTESIAN_POINT('',(127.75842443162,26.500041503038,    1.600050800102));
#3286 = LINE('',#3287,#3288);
#3287 = CARTESIAN_POINT('',(127.75842443162,26.500041503038,0.));
#3288 = VECTOR('',#3289,1.);
#3289 = DIRECTION('',(0.,0.,1.));
#3290 = ORIENTED_EDGE('',*,*,#3291,.T.);
#3291 = EDGE_CURVE('',#3284,#3292,#3294,.T.);
#3292 = VERTEX_POINT('',#3293);
#3293 = CARTESIAN_POINT('',(127.25839903157,26.500041503038,    1.600050800102));
#3294 = CIRCLE('',#3295,0.250012700025);
#3295 = AXIS2_PLACEMENT_3D('',#3296,#3297,#3298);
#3296 = CARTESIAN_POINT('',(127.50841173159,26.500041503038,    1.600050800102));
#3297 = DIRECTION('',(0.,0.,1.));
#3298 = DIRECTION('',(1.,1.110223024625E-16,-0.));
#3299 = ORIENTED_EDGE('',*,*,#3300,.F.);
#3300 = EDGE_CURVE('',#3301,#3292,#3303,.T.);
#3301 = VERTEX_POINT('',#3302);
#3302 = CARTESIAN_POINT('',(127.25839903157,26.500041503038,0.));
#3303 = LINE('',#3304,#3305);
#3304 = CARTESIAN_POINT('',(127.25839903157,26.500041503038,0.));
#3305 = VECTOR('',#3306,1.);
#3306 = DIRECTION('',(0.,0.,1.));
#3307 = ORIENTED_EDGE('',*,*,#3308,.F.);
#3308 = EDGE_CURVE('',#3282,#3301,#3309,.T.);
#3309 = CIRCLE('',#3310,0.250012700025);
#3310 = AXIS2_PLACEMENT_3D('',#3311,#3312,#3313);
#3311 = CARTESIAN_POINT('',(127.50841173159,26.500041503038,0.));
#3312 = DIRECTION('',(0.,0.,1.));
#3313 = DIRECTION('',(1.,1.110223024625E-16,-0.));
#3314 = CYLINDRICAL_SURFACE('',#3315,0.250012700025);
#3315 = AXIS2_PLACEMENT_3D('',#3316,#3317,#3318);
#3316 = CARTESIAN_POINT('',(127.50841173159,26.500041503038,0.));
#3317 = DIRECTION('',(-0.,-0.,-1.));
#3318 = DIRECTION('',(1.,1.110223024625E-16,-0.));
#3319 = ADVANCED_FACE('',(#3320),#3338,.F.);
#3320 = FACE_BOUND('',#3321,.T.);
#3321 = EDGE_LOOP('',(#3322,#3323,#3330,#3331));
#3322 = ORIENTED_EDGE('',*,*,#3300,.T.);
#3323 = ORIENTED_EDGE('',*,*,#3324,.T.);
#3324 = EDGE_CURVE('',#3292,#3284,#3325,.T.);
#3325 = CIRCLE('',#3326,0.250012700025);
#3326 = AXIS2_PLACEMENT_3D('',#3327,#3328,#3329);
#3327 = CARTESIAN_POINT('',(127.50841173159,26.500041503038,    1.600050800102));
#3328 = DIRECTION('',(0.,0.,1.));
#3329 = DIRECTION('',(-1.,-1.110223024625E-16,0.));
#3330 = ORIENTED_EDGE('',*,*,#3281,.F.);
#3331 = ORIENTED_EDGE('',*,*,#3332,.F.);
#3332 = EDGE_CURVE('',#3301,#3282,#3333,.T.);
#3333 = CIRCLE('',#3334,0.250012700025);
#3334 = AXIS2_PLACEMENT_3D('',#3335,#3336,#3337);
#3335 = CARTESIAN_POINT('',(127.50841173159,26.500041503038,0.));
#3336 = DIRECTION('',(0.,0.,1.));
#3337 = DIRECTION('',(-1.,-1.110223024625E-16,0.));
#3338 = CYLINDRICAL_SURFACE('',#3339,0.250012700025);
#3339 = AXIS2_PLACEMENT_3D('',#3340,#3341,#3342);
#3340 = CARTESIAN_POINT('',(127.50841173159,26.500041503038,0.));
#3341 = DIRECTION('',(-0.,-0.,-1.));
#3342 = DIRECTION('',(-1.,-1.110223024625E-16,0.));
#3343 = ADVANCED_FACE('',(#3344,#3354,#3358,#3362,#3366,#3370,#3374,    #3378,#3382,#3386,#3390,#3394,#3398,#3402,#3406,#3410,#3414,#3418,    #3422,#3426,#3430,#3434,#3438,#3442,#3452,#3456,#3460,#3464,#3468,    #3472,#3476,#3480,#3484,#3488,#3492,#3496,#3500,#3504,#3508,#3512,    #3516,#3520,#3524,#3528),#3532,.T.);
#3344 = FACE_BOUND('',#3345,.T.);
#3345 = EDGE_LOOP('',(#3346,#3347,#3348,#3349,#3350,#3351,#3352,#3353));
#3346 = ORIENTED_EDGE('',*,*,#89,.T.);
#3347 = ORIENTED_EDGE('',*,*,#121,.T.);
#3348 = ORIENTED_EDGE('',*,*,#153,.T.);
#3349 = ORIENTED_EDGE('',*,*,#185,.T.);
#3350 = ORIENTED_EDGE('',*,*,#217,.T.);
#3351 = ORIENTED_EDGE('',*,*,#249,.T.);
#3352 = ORIENTED_EDGE('',*,*,#281,.T.);
#3353 = ORIENTED_EDGE('',*,*,#304,.T.);
#3354 = FACE_BOUND('',#3355,.T.);
#3355 = EDGE_LOOP('',(#3356,#3357));
#3356 = ORIENTED_EDGE('',*,*,#346,.T.);
#3357 = ORIENTED_EDGE('',*,*,#370,.T.);
#3358 = FACE_BOUND('',#3359,.T.);
#3359 = EDGE_LOOP('',(#3360,#3361));
#3360 = ORIENTED_EDGE('',*,*,#412,.T.);
#3361 = ORIENTED_EDGE('',*,*,#436,.T.);
#3362 = FACE_BOUND('',#3363,.T.);
#3363 = EDGE_LOOP('',(#3364,#3365));
#3364 = ORIENTED_EDGE('',*,*,#478,.T.);
#3365 = ORIENTED_EDGE('',*,*,#502,.T.);
#3366 = FACE_BOUND('',#3367,.T.);
#3367 = EDGE_LOOP('',(#3368,#3369));
#3368 = ORIENTED_EDGE('',*,*,#544,.T.);
#3369 = ORIENTED_EDGE('',*,*,#568,.T.);
#3370 = FACE_BOUND('',#3371,.T.);
#3371 = EDGE_LOOP('',(#3372,#3373));
#3372 = ORIENTED_EDGE('',*,*,#610,.T.);
#3373 = ORIENTED_EDGE('',*,*,#634,.T.);
#3374 = FACE_BOUND('',#3375,.T.);
#3375 = EDGE_LOOP('',(#3376,#3377));
#3376 = ORIENTED_EDGE('',*,*,#676,.T.);
#3377 = ORIENTED_EDGE('',*,*,#700,.T.);
#3378 = FACE_BOUND('',#3379,.T.);
#3379 = EDGE_LOOP('',(#3380,#3381));
#3380 = ORIENTED_EDGE('',*,*,#742,.T.);
#3381 = ORIENTED_EDGE('',*,*,#766,.T.);
#3382 = FACE_BOUND('',#3383,.T.);
#3383 = EDGE_LOOP('',(#3384,#3385));
#3384 = ORIENTED_EDGE('',*,*,#808,.T.);
#3385 = ORIENTED_EDGE('',*,*,#832,.T.);
#3386 = FACE_BOUND('',#3387,.T.);
#3387 = EDGE_LOOP('',(#3388,#3389));
#3388 = ORIENTED_EDGE('',*,*,#874,.T.);
#3389 = ORIENTED_EDGE('',*,*,#898,.T.);
#3390 = FACE_BOUND('',#3391,.T.);
#3391 = EDGE_LOOP('',(#3392,#3393));
#3392 = ORIENTED_EDGE('',*,*,#940,.T.);
#3393 = ORIENTED_EDGE('',*,*,#964,.T.);
#3394 = FACE_BOUND('',#3395,.T.);
#3395 = EDGE_LOOP('',(#3396,#3397));
#3396 = ORIENTED_EDGE('',*,*,#1006,.T.);
#3397 = ORIENTED_EDGE('',*,*,#1030,.T.);
#3398 = FACE_BOUND('',#3399,.T.);
#3399 = EDGE_LOOP('',(#3400,#3401));
#3400 = ORIENTED_EDGE('',*,*,#1072,.T.);
#3401 = ORIENTED_EDGE('',*,*,#1096,.T.);
#3402 = FACE_BOUND('',#3403,.T.);
#3403 = EDGE_LOOP('',(#3404,#3405));
#3404 = ORIENTED_EDGE('',*,*,#1138,.T.);
#3405 = ORIENTED_EDGE('',*,*,#1162,.T.);
#3406 = FACE_BOUND('',#3407,.T.);
#3407 = EDGE_LOOP('',(#3408,#3409));
#3408 = ORIENTED_EDGE('',*,*,#1204,.T.);
#3409 = ORIENTED_EDGE('',*,*,#1228,.T.);
#3410 = FACE_BOUND('',#3411,.T.);
#3411 = EDGE_LOOP('',(#3412,#3413));
#3412 = ORIENTED_EDGE('',*,*,#1270,.T.);
#3413 = ORIENTED_EDGE('',*,*,#1294,.T.);
#3414 = FACE_BOUND('',#3415,.T.);
#3415 = EDGE_LOOP('',(#3416,#3417));
#3416 = ORIENTED_EDGE('',*,*,#1336,.T.);
#3417 = ORIENTED_EDGE('',*,*,#1360,.T.);
#3418 = FACE_BOUND('',#3419,.T.);
#3419 = EDGE_LOOP('',(#3420,#3421));
#3420 = ORIENTED_EDGE('',*,*,#1402,.T.);
#3421 = ORIENTED_EDGE('',*,*,#1426,.T.);
#3422 = FACE_BOUND('',#3423,.T.);
#3423 = EDGE_LOOP('',(#3424,#3425));
#3424 = ORIENTED_EDGE('',*,*,#1468,.T.);
#3425 = ORIENTED_EDGE('',*,*,#1492,.T.);
#3426 = FACE_BOUND('',#3427,.T.);
#3427 = EDGE_LOOP('',(#3428,#3429));
#3428 = ORIENTED_EDGE('',*,*,#1534,.T.);
#3429 = ORIENTED_EDGE('',*,*,#1558,.T.);
#3430 = FACE_BOUND('',#3431,.T.);
#3431 = EDGE_LOOP('',(#3432,#3433));
#3432 = ORIENTED_EDGE('',*,*,#1600,.T.);
#3433 = ORIENTED_EDGE('',*,*,#1624,.T.);
#3434 = FACE_BOUND('',#3435,.T.);
#3435 = EDGE_LOOP('',(#3436,#3437));
#3436 = ORIENTED_EDGE('',*,*,#1666,.T.);
#3437 = ORIENTED_EDGE('',*,*,#1690,.T.);
#3438 = FACE_BOUND('',#3439,.T.);
#3439 = EDGE_LOOP('',(#3440,#3441));
#3440 = ORIENTED_EDGE('',*,*,#1732,.T.);
#3441 = ORIENTED_EDGE('',*,*,#1756,.T.);
#3442 = FACE_BOUND('',#3443,.T.);
#3443 = EDGE_LOOP('',(#3444,#3445,#3446,#3447,#3448,#3449,#3450,#3451));
#3444 = ORIENTED_EDGE('',*,*,#1798,.T.);
#3445 = ORIENTED_EDGE('',*,*,#1830,.T.);
#3446 = ORIENTED_EDGE('',*,*,#1862,.T.);
#3447 = ORIENTED_EDGE('',*,*,#1894,.T.);
#3448 = ORIENTED_EDGE('',*,*,#1926,.T.);
#3449 = ORIENTED_EDGE('',*,*,#1958,.T.);
#3450 = ORIENTED_EDGE('',*,*,#1990,.T.);
#3451 = ORIENTED_EDGE('',*,*,#2013,.T.);
#3452 = FACE_BOUND('',#3453,.T.);
#3453 = EDGE_LOOP('',(#3454,#3455));
#3454 = ORIENTED_EDGE('',*,*,#2054,.T.);
#3455 = ORIENTED_EDGE('',*,*,#2078,.T.);
#3456 = FACE_BOUND('',#3457,.T.);
#3457 = EDGE_LOOP('',(#3458,#3459));
#3458 = ORIENTED_EDGE('',*,*,#2120,.T.);
#3459 = ORIENTED_EDGE('',*,*,#2144,.T.);
#3460 = FACE_BOUND('',#3461,.T.);
#3461 = EDGE_LOOP('',(#3462,#3463));
#3462 = ORIENTED_EDGE('',*,*,#2186,.T.);
#3463 = ORIENTED_EDGE('',*,*,#2210,.T.);
#3464 = FACE_BOUND('',#3465,.T.);
#3465 = EDGE_LOOP('',(#3466,#3467));
#3466 = ORIENTED_EDGE('',*,*,#2252,.T.);
#3467 = ORIENTED_EDGE('',*,*,#2276,.T.);
#3468 = FACE_BOUND('',#3469,.T.);
#3469 = EDGE_LOOP('',(#3470,#3471));
#3470 = ORIENTED_EDGE('',*,*,#2318,.T.);
#3471 = ORIENTED_EDGE('',*,*,#2342,.T.);
#3472 = FACE_BOUND('',#3473,.T.);
#3473 = EDGE_LOOP('',(#3474,#3475));
#3474 = ORIENTED_EDGE('',*,*,#2384,.T.);
#3475 = ORIENTED_EDGE('',*,*,#2408,.T.);
#3476 = FACE_BOUND('',#3477,.T.);
#3477 = EDGE_LOOP('',(#3478,#3479));
#3478 = ORIENTED_EDGE('',*,*,#2450,.T.);
#3479 = ORIENTED_EDGE('',*,*,#2474,.T.);
#3480 = FACE_BOUND('',#3481,.T.);
#3481 = EDGE_LOOP('',(#3482,#3483));
#3482 = ORIENTED_EDGE('',*,*,#2516,.T.);
#3483 = ORIENTED_EDGE('',*,*,#2540,.T.);
#3484 = FACE_BOUND('',#3485,.T.);
#3485 = EDGE_LOOP('',(#3486,#3487));
#3486 = ORIENTED_EDGE('',*,*,#2582,.T.);
#3487 = ORIENTED_EDGE('',*,*,#2606,.T.);
#3488 = FACE_BOUND('',#3489,.T.);
#3489 = EDGE_LOOP('',(#3490,#3491));
#3490 = ORIENTED_EDGE('',*,*,#2648,.T.);
#3491 = ORIENTED_EDGE('',*,*,#2672,.T.);
#3492 = FACE_BOUND('',#3493,.T.);
#3493 = EDGE_LOOP('',(#3494,#3495));
#3494 = ORIENTED_EDGE('',*,*,#2714,.T.);
#3495 = ORIENTED_EDGE('',*,*,#2738,.T.);
#3496 = FACE_BOUND('',#3497,.T.);
#3497 = EDGE_LOOP('',(#3498,#3499));
#3498 = ORIENTED_EDGE('',*,*,#2780,.T.);
#3499 = ORIENTED_EDGE('',*,*,#2804,.T.);
#3500 = FACE_BOUND('',#3501,.T.);
#3501 = EDGE_LOOP('',(#3502,#3503));
#3502 = ORIENTED_EDGE('',*,*,#2846,.T.);
#3503 = ORIENTED_EDGE('',*,*,#2870,.T.);
#3504 = FACE_BOUND('',#3505,.T.);
#3505 = EDGE_LOOP('',(#3506,#3507));
#3506 = ORIENTED_EDGE('',*,*,#2912,.T.);
#3507 = ORIENTED_EDGE('',*,*,#2936,.T.);
#3508 = FACE_BOUND('',#3509,.T.);
#3509 = EDGE_LOOP('',(#3510,#3511));
#3510 = ORIENTED_EDGE('',*,*,#2978,.T.);
#3511 = ORIENTED_EDGE('',*,*,#3002,.T.);
#3512 = FACE_BOUND('',#3513,.T.);
#3513 = EDGE_LOOP('',(#3514,#3515));
#3514 = ORIENTED_EDGE('',*,*,#3044,.T.);
#3515 = ORIENTED_EDGE('',*,*,#3068,.T.);
#3516 = FACE_BOUND('',#3517,.T.);
#3517 = EDGE_LOOP('',(#3518,#3519));
#3518 = ORIENTED_EDGE('',*,*,#3110,.T.);
#3519 = ORIENTED_EDGE('',*,*,#3134,.T.);
#3520 = FACE_BOUND('',#3521,.T.);
#3521 = EDGE_LOOP('',(#3522,#3523));
#3522 = ORIENTED_EDGE('',*,*,#3176,.T.);
#3523 = ORIENTED_EDGE('',*,*,#3200,.T.);
#3524 = FACE_BOUND('',#3525,.T.);
#3525 = EDGE_LOOP('',(#3526,#3527));
#3526 = ORIENTED_EDGE('',*,*,#3242,.T.);
#3527 = ORIENTED_EDGE('',*,*,#3266,.T.);
#3528 = FACE_BOUND('',#3529,.T.);
#3529 = EDGE_LOOP('',(#3530,#3531));
#3530 = ORIENTED_EDGE('',*,*,#3308,.T.);
#3531 = ORIENTED_EDGE('',*,*,#3332,.T.);
#3532 = PLANE('',#3533);
#3533 = AXIS2_PLACEMENT_3D('',#3534,#3535,#3536);
#3534 = CARTESIAN_POINT('',(70.548641097282,48.450596901194,0.));
#3535 = DIRECTION('',(-0.,-0.,-1.));
#3536 = DIRECTION('',(-1.,0.,0.));
#3537 = ADVANCED_FACE('',(#3538,#3548,#3552,#3556,#3560,#3564,#3568,    #3572,#3576,#3580,#3584,#3588,#3592,#3596,#3600,#3604,#3608,#3612,    #3616,#3620,#3624,#3628,#3632,#3636,#3646,#3650,#3654,#3658,#3662,    #3666,#3670,#3674,#3678,#3682,#3686,#3690,#3694,#3698,#3702,#3706,    #3710,#3714,#3718,#3722),#3726,.F.);
#3538 = FACE_BOUND('',#3539,.F.);
#3539 = EDGE_LOOP('',(#3540,#3541,#3542,#3543,#3544,#3545,#3546,#3547));
#3540 = ORIENTED_EDGE('',*,*,#73,.T.);
#3541 = ORIENTED_EDGE('',*,*,#104,.T.);
#3542 = ORIENTED_EDGE('',*,*,#137,.T.);
#3543 = ORIENTED_EDGE('',*,*,#168,.T.);
#3544 = ORIENTED_EDGE('',*,*,#201,.T.);
#3545 = ORIENTED_EDGE('',*,*,#232,.T.);
#3546 = ORIENTED_EDGE('',*,*,#265,.T.);
#3547 = ORIENTED_EDGE('',*,*,#296,.T.);
#3548 = FACE_BOUND('',#3549,.F.);
#3549 = EDGE_LOOP('',(#3550,#3551));
#3550 = ORIENTED_EDGE('',*,*,#329,.T.);
#3551 = ORIENTED_EDGE('',*,*,#362,.T.);
#3552 = FACE_BOUND('',#3553,.F.);
#3553 = EDGE_LOOP('',(#3554,#3555));
#3554 = ORIENTED_EDGE('',*,*,#395,.T.);
#3555 = ORIENTED_EDGE('',*,*,#428,.T.);
#3556 = FACE_BOUND('',#3557,.F.);
#3557 = EDGE_LOOP('',(#3558,#3559));
#3558 = ORIENTED_EDGE('',*,*,#461,.T.);
#3559 = ORIENTED_EDGE('',*,*,#494,.T.);
#3560 = FACE_BOUND('',#3561,.F.);
#3561 = EDGE_LOOP('',(#3562,#3563));
#3562 = ORIENTED_EDGE('',*,*,#527,.T.);
#3563 = ORIENTED_EDGE('',*,*,#560,.T.);
#3564 = FACE_BOUND('',#3565,.F.);
#3565 = EDGE_LOOP('',(#3566,#3567));
#3566 = ORIENTED_EDGE('',*,*,#593,.T.);
#3567 = ORIENTED_EDGE('',*,*,#626,.T.);
#3568 = FACE_BOUND('',#3569,.F.);
#3569 = EDGE_LOOP('',(#3570,#3571));
#3570 = ORIENTED_EDGE('',*,*,#659,.T.);
#3571 = ORIENTED_EDGE('',*,*,#692,.T.);
#3572 = FACE_BOUND('',#3573,.F.);
#3573 = EDGE_LOOP('',(#3574,#3575));
#3574 = ORIENTED_EDGE('',*,*,#725,.T.);
#3575 = ORIENTED_EDGE('',*,*,#758,.T.);
#3576 = FACE_BOUND('',#3577,.F.);
#3577 = EDGE_LOOP('',(#3578,#3579));
#3578 = ORIENTED_EDGE('',*,*,#791,.T.);
#3579 = ORIENTED_EDGE('',*,*,#824,.T.);
#3580 = FACE_BOUND('',#3581,.F.);
#3581 = EDGE_LOOP('',(#3582,#3583));
#3582 = ORIENTED_EDGE('',*,*,#857,.T.);
#3583 = ORIENTED_EDGE('',*,*,#890,.T.);
#3584 = FACE_BOUND('',#3585,.F.);
#3585 = EDGE_LOOP('',(#3586,#3587));
#3586 = ORIENTED_EDGE('',*,*,#923,.T.);
#3587 = ORIENTED_EDGE('',*,*,#956,.T.);
#3588 = FACE_BOUND('',#3589,.F.);
#3589 = EDGE_LOOP('',(#3590,#3591));
#3590 = ORIENTED_EDGE('',*,*,#989,.T.);
#3591 = ORIENTED_EDGE('',*,*,#1022,.T.);
#3592 = FACE_BOUND('',#3593,.F.);
#3593 = EDGE_LOOP('',(#3594,#3595));
#3594 = ORIENTED_EDGE('',*,*,#1055,.T.);
#3595 = ORIENTED_EDGE('',*,*,#1088,.T.);
#3596 = FACE_BOUND('',#3597,.F.);
#3597 = EDGE_LOOP('',(#3598,#3599));
#3598 = ORIENTED_EDGE('',*,*,#1121,.T.);
#3599 = ORIENTED_EDGE('',*,*,#1154,.T.);
#3600 = FACE_BOUND('',#3601,.F.);
#3601 = EDGE_LOOP('',(#3602,#3603));
#3602 = ORIENTED_EDGE('',*,*,#1187,.T.);
#3603 = ORIENTED_EDGE('',*,*,#1220,.T.);
#3604 = FACE_BOUND('',#3605,.F.);
#3605 = EDGE_LOOP('',(#3606,#3607));
#3606 = ORIENTED_EDGE('',*,*,#1253,.T.);
#3607 = ORIENTED_EDGE('',*,*,#1286,.T.);
#3608 = FACE_BOUND('',#3609,.F.);
#3609 = EDGE_LOOP('',(#3610,#3611));
#3610 = ORIENTED_EDGE('',*,*,#1319,.T.);
#3611 = ORIENTED_EDGE('',*,*,#1352,.T.);
#3612 = FACE_BOUND('',#3613,.F.);
#3613 = EDGE_LOOP('',(#3614,#3615));
#3614 = ORIENTED_EDGE('',*,*,#1385,.T.);
#3615 = ORIENTED_EDGE('',*,*,#1418,.T.);
#3616 = FACE_BOUND('',#3617,.F.);
#3617 = EDGE_LOOP('',(#3618,#3619));
#3618 = ORIENTED_EDGE('',*,*,#1451,.T.);
#3619 = ORIENTED_EDGE('',*,*,#1484,.T.);
#3620 = FACE_BOUND('',#3621,.F.);
#3621 = EDGE_LOOP('',(#3622,#3623));
#3622 = ORIENTED_EDGE('',*,*,#1517,.T.);
#3623 = ORIENTED_EDGE('',*,*,#1550,.T.);
#3624 = FACE_BOUND('',#3625,.F.);
#3625 = EDGE_LOOP('',(#3626,#3627));
#3626 = ORIENTED_EDGE('',*,*,#1583,.T.);
#3627 = ORIENTED_EDGE('',*,*,#1616,.T.);
#3628 = FACE_BOUND('',#3629,.F.);
#3629 = EDGE_LOOP('',(#3630,#3631));
#3630 = ORIENTED_EDGE('',*,*,#1649,.T.);
#3631 = ORIENTED_EDGE('',*,*,#1682,.T.);
#3632 = FACE_BOUND('',#3633,.F.);
#3633 = EDGE_LOOP('',(#3634,#3635));
#3634 = ORIENTED_EDGE('',*,*,#1715,.T.);
#3635 = ORIENTED_EDGE('',*,*,#1748,.T.);
#3636 = FACE_BOUND('',#3637,.F.);
#3637 = EDGE_LOOP('',(#3638,#3639,#3640,#3641,#3642,#3643,#3644,#3645));
#3638 = ORIENTED_EDGE('',*,*,#1781,.T.);
#3639 = ORIENTED_EDGE('',*,*,#1814,.T.);
#3640 = ORIENTED_EDGE('',*,*,#1845,.T.);
#3641 = ORIENTED_EDGE('',*,*,#1878,.T.);
#3642 = ORIENTED_EDGE('',*,*,#1909,.T.);
#3643 = ORIENTED_EDGE('',*,*,#1942,.T.);
#3644 = ORIENTED_EDGE('',*,*,#1973,.T.);
#3645 = ORIENTED_EDGE('',*,*,#2006,.T.);
#3646 = FACE_BOUND('',#3647,.F.);
#3647 = EDGE_LOOP('',(#3648,#3649));
#3648 = ORIENTED_EDGE('',*,*,#2037,.T.);
#3649 = ORIENTED_EDGE('',*,*,#2070,.T.);
#3650 = FACE_BOUND('',#3651,.F.);
#3651 = EDGE_LOOP('',(#3652,#3653));
#3652 = ORIENTED_EDGE('',*,*,#2103,.T.);
#3653 = ORIENTED_EDGE('',*,*,#2136,.T.);
#3654 = FACE_BOUND('',#3655,.F.);
#3655 = EDGE_LOOP('',(#3656,#3657));
#3656 = ORIENTED_EDGE('',*,*,#2169,.T.);
#3657 = ORIENTED_EDGE('',*,*,#2202,.T.);
#3658 = FACE_BOUND('',#3659,.F.);
#3659 = EDGE_LOOP('',(#3660,#3661));
#3660 = ORIENTED_EDGE('',*,*,#2235,.T.);
#3661 = ORIENTED_EDGE('',*,*,#2268,.T.);
#3662 = FACE_BOUND('',#3663,.F.);
#3663 = EDGE_LOOP('',(#3664,#3665));
#3664 = ORIENTED_EDGE('',*,*,#2301,.T.);
#3665 = ORIENTED_EDGE('',*,*,#2334,.T.);
#3666 = FACE_BOUND('',#3667,.F.);
#3667 = EDGE_LOOP('',(#3668,#3669));
#3668 = ORIENTED_EDGE('',*,*,#2367,.T.);
#3669 = ORIENTED_EDGE('',*,*,#2400,.T.);
#3670 = FACE_BOUND('',#3671,.F.);
#3671 = EDGE_LOOP('',(#3672,#3673));
#3672 = ORIENTED_EDGE('',*,*,#2433,.T.);
#3673 = ORIENTED_EDGE('',*,*,#2466,.T.);
#3674 = FACE_BOUND('',#3675,.F.);
#3675 = EDGE_LOOP('',(#3676,#3677));
#3676 = ORIENTED_EDGE('',*,*,#2499,.T.);
#3677 = ORIENTED_EDGE('',*,*,#2532,.T.);
#3678 = FACE_BOUND('',#3679,.F.);
#3679 = EDGE_LOOP('',(#3680,#3681));
#3680 = ORIENTED_EDGE('',*,*,#2565,.T.);
#3681 = ORIENTED_EDGE('',*,*,#2598,.T.);
#3682 = FACE_BOUND('',#3683,.F.);
#3683 = EDGE_LOOP('',(#3684,#3685));
#3684 = ORIENTED_EDGE('',*,*,#2631,.T.);
#3685 = ORIENTED_EDGE('',*,*,#2664,.T.);
#3686 = FACE_BOUND('',#3687,.F.);
#3687 = EDGE_LOOP('',(#3688,#3689));
#3688 = ORIENTED_EDGE('',*,*,#2697,.T.);
#3689 = ORIENTED_EDGE('',*,*,#2730,.T.);
#3690 = FACE_BOUND('',#3691,.F.);
#3691 = EDGE_LOOP('',(#3692,#3693));
#3692 = ORIENTED_EDGE('',*,*,#2763,.T.);
#3693 = ORIENTED_EDGE('',*,*,#2796,.T.);
#3694 = FACE_BOUND('',#3695,.F.);
#3695 = EDGE_LOOP('',(#3696,#3697));
#3696 = ORIENTED_EDGE('',*,*,#2829,.T.);
#3697 = ORIENTED_EDGE('',*,*,#2862,.T.);
#3698 = FACE_BOUND('',#3699,.F.);
#3699 = EDGE_LOOP('',(#3700,#3701));
#3700 = ORIENTED_EDGE('',*,*,#2895,.T.);
#3701 = ORIENTED_EDGE('',*,*,#2928,.T.);
#3702 = FACE_BOUND('',#3703,.F.);
#3703 = EDGE_LOOP('',(#3704,#3705));
#3704 = ORIENTED_EDGE('',*,*,#2961,.T.);
#3705 = ORIENTED_EDGE('',*,*,#2994,.T.);
#3706 = FACE_BOUND('',#3707,.F.);
#3707 = EDGE_LOOP('',(#3708,#3709));
#3708 = ORIENTED_EDGE('',*,*,#3027,.T.);
#3709 = ORIENTED_EDGE('',*,*,#3060,.T.);
#3710 = FACE_BOUND('',#3711,.F.);
#3711 = EDGE_LOOP('',(#3712,#3713));
#3712 = ORIENTED_EDGE('',*,*,#3093,.T.);
#3713 = ORIENTED_EDGE('',*,*,#3126,.T.);
#3714 = FACE_BOUND('',#3715,.F.);
#3715 = EDGE_LOOP('',(#3716,#3717));
#3716 = ORIENTED_EDGE('',*,*,#3159,.T.);
#3717 = ORIENTED_EDGE('',*,*,#3192,.T.);
#3718 = FACE_BOUND('',#3719,.F.);
#3719 = EDGE_LOOP('',(#3720,#3721));
#3720 = ORIENTED_EDGE('',*,*,#3225,.T.);
#3721 = ORIENTED_EDGE('',*,*,#3258,.T.);
#3722 = FACE_BOUND('',#3723,.F.);
#3723 = EDGE_LOOP('',(#3724,#3725));
#3724 = ORIENTED_EDGE('',*,*,#3291,.T.);
#3725 = ORIENTED_EDGE('',*,*,#3324,.T.);
#3726 = PLANE('',#3727);
#3727 = AXIS2_PLACEMENT_3D('',#3728,#3729,#3730);
#3728 = CARTESIAN_POINT('',(70.548641097282,48.450596901194,    1.600050800102));
#3729 = DIRECTION('',(-0.,-0.,-1.));
#3730 = DIRECTION('',(-1.,0.,0.));
#3731 = MANIFOLD_SOLID_BREP('',#3732);
#3732 = CLOSED_SHELL('',(#3733,#3775,#3799,#3809));
#3733 = ADVANCED_FACE('',(#3734),#3770,.T.);
#3734 = FACE_BOUND('',#3735,.T.);
#3735 = EDGE_LOOP('',(#3736,#3746,#3755,#3763));
#3736 = ORIENTED_EDGE('',*,*,#3737,.T.);
#3737 = EDGE_CURVE('',#3738,#3740,#3742,.T.);
#3738 = VERTEX_POINT('',#3739);
#3739 = CARTESIAN_POINT('',(21.504143002286,38.518076962154,0.));
#3740 = VERTEX_POINT('',#3741);
#3741 = CARTESIAN_POINT('',(21.504143002286,38.518076962154,    1.600050800102));
#3742 = LINE('',#3743,#3744);
#3743 = CARTESIAN_POINT('',(21.504143002286,38.518076962154,0.));
#3744 = VECTOR('',#3745,1.);
#3745 = DIRECTION('',(0.,0.,1.));
#3746 = ORIENTED_EDGE('',*,*,#3747,.T.);
#3747 = EDGE_CURVE('',#3740,#3748,#3750,.T.);
#3748 = VERTEX_POINT('',#3749);
#3749 = CARTESIAN_POINT('',(18.729537465075,38.518076962154,    1.600050800102));
#3750 = CIRCLE('',#3751,1.387302768606);
#3751 = AXIS2_PLACEMENT_3D('',#3752,#3753,#3754);
#3752 = CARTESIAN_POINT('',(20.11684023368,38.518076962154,    1.600050800102));
#3753 = DIRECTION('',(-0.,0.,-1.));
#3754 = DIRECTION('',(1.,-1.110223024625E-16,-0.));
#3755 = ORIENTED_EDGE('',*,*,#3756,.F.);
#3756 = EDGE_CURVE('',#3757,#3748,#3759,.T.);
#3757 = VERTEX_POINT('',#3758);
#3758 = CARTESIAN_POINT('',(18.729537465075,38.518076962154,0.));
#3759 = LINE('',#3760,#3761);
#3760 = CARTESIAN_POINT('',(18.729537465075,38.518076962154,0.));
#3761 = VECTOR('',#3762,1.);
#3762 = DIRECTION('',(0.,0.,1.));
#3763 = ORIENTED_EDGE('',*,*,#3764,.F.);
#3764 = EDGE_CURVE('',#3738,#3757,#3765,.T.);
#3765 = CIRCLE('',#3766,1.387302768606);
#3766 = AXIS2_PLACEMENT_3D('',#3767,#3768,#3769);
#3767 = CARTESIAN_POINT('',(20.11684023368,38.518076962154,0.));
#3768 = DIRECTION('',(-0.,0.,-1.));
#3769 = DIRECTION('',(1.,-1.110223024625E-16,-0.));
#3770 = CYLINDRICAL_SURFACE('',#3771,1.387302768606);
#3771 = AXIS2_PLACEMENT_3D('',#3772,#3773,#3774);
#3772 = CARTESIAN_POINT('',(20.11684023368,38.518076962154,0.));
#3773 = DIRECTION('',(-0.,0.,-1.));
#3774 = DIRECTION('',(1.,-1.110223024625E-16,-0.));
#3775 = ADVANCED_FACE('',(#3776),#3794,.T.);
#3776 = FACE_BOUND('',#3777,.T.);
#3777 = EDGE_LOOP('',(#3778,#3779,#3786,#3787));
#3778 = ORIENTED_EDGE('',*,*,#3756,.T.);
#3779 = ORIENTED_EDGE('',*,*,#3780,.T.);
#3780 = EDGE_CURVE('',#3748,#3740,#3781,.T.);
#3781 = CIRCLE('',#3782,1.387302768606);
#3782 = AXIS2_PLACEMENT_3D('',#3783,#3784,#3785);
#3783 = CARTESIAN_POINT('',(20.11684023368,38.518076962154,    1.600050800102));
#3784 = DIRECTION('',(0.,0.,-1.));
#3785 = DIRECTION('',(-1.,1.110223024625E-16,0.));
#3786 = ORIENTED_EDGE('',*,*,#3737,.F.);
#3787 = ORIENTED_EDGE('',*,*,#3788,.F.);
#3788 = EDGE_CURVE('',#3757,#3738,#3789,.T.);
#3789 = CIRCLE('',#3790,1.387302768606);
#3790 = AXIS2_PLACEMENT_3D('',#3791,#3792,#3793);
#3791 = CARTESIAN_POINT('',(20.11684023368,38.518076962154,0.));
#3792 = DIRECTION('',(0.,0.,-1.));
#3793 = DIRECTION('',(-1.,1.110223024625E-16,0.));
#3794 = CYLINDRICAL_SURFACE('',#3795,1.387302768606);
#3795 = AXIS2_PLACEMENT_3D('',#3796,#3797,#3798);
#3796 = CARTESIAN_POINT('',(20.11684023368,38.518076962154,0.));
#3797 = DIRECTION('',(0.,0.,-1.));
#3798 = DIRECTION('',(-1.,1.110223024625E-16,0.));
#3799 = ADVANCED_FACE('',(#3800),#3804,.T.);
#3800 = FACE_BOUND('',#3801,.T.);
#3801 = EDGE_LOOP('',(#3802,#3803));
#3802 = ORIENTED_EDGE('',*,*,#3764,.T.);
#3803 = ORIENTED_EDGE('',*,*,#3788,.T.);
#3804 = PLANE('',#3805);
#3805 = AXIS2_PLACEMENT_3D('',#3806,#3807,#3808);
#3806 = CARTESIAN_POINT('',(20.11684023368,38.518076962154,0.));
#3807 = DIRECTION('',(-0.,-0.,-1.));
#3808 = DIRECTION('',(-1.,0.,0.));
#3809 = ADVANCED_FACE('',(#3810),#3814,.F.);
#3810 = FACE_BOUND('',#3811,.F.);
#3811 = EDGE_LOOP('',(#3812,#3813));
#3812 = ORIENTED_EDGE('',*,*,#3747,.T.);
#3813 = ORIENTED_EDGE('',*,*,#3780,.T.);
#3814 = PLANE('',#3815);
#3815 = AXIS2_PLACEMENT_3D('',#3816,#3817,#3818);
#3816 = CARTESIAN_POINT('',(20.11684023368,38.518076962154,    1.600050800102));
#3817 = DIRECTION('',(-0.,-0.,-1.));
#3818 = DIRECTION('',(-1.,0.,0.));
#3819 = MANIFOLD_SOLID_BREP('',#3820);
#3820 = CLOSED_SHELL('',(#3821,#3863,#3887,#3897));
#3821 = ADVANCED_FACE('',(#3822),#3858,.T.);
#3822 = FACE_BOUND('',#3823,.T.);
#3823 = EDGE_LOOP('',(#3824,#3834,#3843,#3851));
#3824 = ORIENTED_EDGE('',*,*,#3825,.T.);
#3825 = EDGE_CURVE('',#3826,#3828,#3830,.T.);
#3826 = VERTEX_POINT('',#3827);
#3827 = CARTESIAN_POINT('',(21.504143002286,59.018118110236,0.));
#3828 = VERTEX_POINT('',#3829);
#3829 = CARTESIAN_POINT('',(21.504143002286,59.018118110236,    1.600050800102));
#3830 = LINE('',#3831,#3832);
#3831 = CARTESIAN_POINT('',(21.504143002286,59.018118110236,0.));
#3832 = VECTOR('',#3833,1.);
#3833 = DIRECTION('',(0.,0.,1.));
#3834 = ORIENTED_EDGE('',*,*,#3835,.T.);
#3835 = EDGE_CURVE('',#3828,#3836,#3838,.T.);
#3836 = VERTEX_POINT('',#3837);
#3837 = CARTESIAN_POINT('',(18.729537465075,59.018118110236,    1.600050800102));
#3838 = CIRCLE('',#3839,1.387302768606);
#3839 = AXIS2_PLACEMENT_3D('',#3840,#3841,#3842);
#3840 = CARTESIAN_POINT('',(20.11684023368,59.018118110236,    1.600050800102));
#3841 = DIRECTION('',(-0.,0.,-1.));
#3842 = DIRECTION('',(1.,-1.110223024625E-16,-0.));
#3843 = ORIENTED_EDGE('',*,*,#3844,.F.);
#3844 = EDGE_CURVE('',#3845,#3836,#3847,.T.);
#3845 = VERTEX_POINT('',#3846);
#3846 = CARTESIAN_POINT('',(18.729537465075,59.018118110236,0.));
#3847 = LINE('',#3848,#3849);
#3848 = CARTESIAN_POINT('',(18.729537465075,59.018118110236,0.));
#3849 = VECTOR('',#3850,1.);
#3850 = DIRECTION('',(0.,0.,1.));
#3851 = ORIENTED_EDGE('',*,*,#3852,.F.);
#3852 = EDGE_CURVE('',#3826,#3845,#3853,.T.);
#3853 = CIRCLE('',#3854,1.387302768606);
#3854 = AXIS2_PLACEMENT_3D('',#3855,#3856,#3857);
#3855 = CARTESIAN_POINT('',(20.11684023368,59.018118110236,0.));
#3856 = DIRECTION('',(-0.,0.,-1.));
#3857 = DIRECTION('',(1.,-1.110223024625E-16,-0.));
#3858 = CYLINDRICAL_SURFACE('',#3859,1.387302768606);
#3859 = AXIS2_PLACEMENT_3D('',#3860,#3861,#3862);
#3860 = CARTESIAN_POINT('',(20.11684023368,59.018118110236,0.));
#3861 = DIRECTION('',(-0.,0.,-1.));
#3862 = DIRECTION('',(1.,-1.110223024625E-16,-0.));
#3863 = ADVANCED_FACE('',(#3864),#3882,.T.);
#3864 = FACE_BOUND('',#3865,.T.);
#3865 = EDGE_LOOP('',(#3866,#3867,#3874,#3875));
#3866 = ORIENTED_EDGE('',*,*,#3844,.T.);
#3867 = ORIENTED_EDGE('',*,*,#3868,.T.);
#3868 = EDGE_CURVE('',#3836,#3828,#3869,.T.);
#3869 = CIRCLE('',#3870,1.387302768606);
#3870 = AXIS2_PLACEMENT_3D('',#3871,#3872,#3873);
#3871 = CARTESIAN_POINT('',(20.11684023368,59.018118110236,    1.600050800102));
#3872 = DIRECTION('',(0.,0.,-1.));
#3873 = DIRECTION('',(-1.,1.110223024625E-16,0.));
#3874 = ORIENTED_EDGE('',*,*,#3825,.F.);
#3875 = ORIENTED_EDGE('',*,*,#3876,.F.);
#3876 = EDGE_CURVE('',#3845,#3826,#3877,.T.);
#3877 = CIRCLE('',#3878,1.387302768606);
#3878 = AXIS2_PLACEMENT_3D('',#3879,#3880,#3881);
#3879 = CARTESIAN_POINT('',(20.11684023368,59.018118110236,0.));
#3880 = DIRECTION('',(0.,0.,-1.));
#3881 = DIRECTION('',(-1.,1.110223024625E-16,0.));
#3882 = CYLINDRICAL_SURFACE('',#3883,1.387302768606);
#3883 = AXIS2_PLACEMENT_3D('',#3884,#3885,#3886);
#3884 = CARTESIAN_POINT('',(20.11684023368,59.018118110236,0.));
#3885 = DIRECTION('',(0.,0.,-1.));
#3886 = DIRECTION('',(-1.,1.110223024625E-16,0.));
#3887 = ADVANCED_FACE('',(#3888),#3892,.T.);
#3888 = FACE_BOUND('',#3889,.T.);
#3889 = EDGE_LOOP('',(#3890,#3891));
#3890 = ORIENTED_EDGE('',*,*,#3852,.T.);
#3891 = ORIENTED_EDGE('',*,*,#3876,.T.);
#3892 = PLANE('',#3893);
#3893 = AXIS2_PLACEMENT_3D('',#3894,#3895,#3896);
#3894 = CARTESIAN_POINT('',(20.11684023368,59.018118110236,0.));
#3895 = DIRECTION('',(-0.,-0.,-1.));
#3896 = DIRECTION('',(-1.,0.,0.));
#3897 = ADVANCED_FACE('',(#3898),#3902,.F.);
#3898 = FACE_BOUND('',#3899,.F.);
#3899 = EDGE_LOOP('',(#3900,#3901));
#3900 = ORIENTED_EDGE('',*,*,#3835,.T.);
#3901 = ORIENTED_EDGE('',*,*,#3868,.T.);
#3902 = PLANE('',#3903);
#3903 = AXIS2_PLACEMENT_3D('',#3904,#3905,#3906);
#3904 = CARTESIAN_POINT('',(20.11684023368,59.018118110236,    1.600050800102));
#3905 = DIRECTION('',(-0.,-0.,-1.));
#3906 = DIRECTION('',(-1.,0.,0.));
#3907 = MANIFOLD_SOLID_BREP('',#3908);
#3908 = CLOSED_SHELL('',(#3909,#3951,#3975,#3985));
#3909 = ADVANCED_FACE('',(#3910),#3946,.T.);
#3910 = FACE_BOUND('',#3911,.T.);
#3911 = EDGE_LOOP('',(#3912,#3922,#3931,#3939));
#3912 = ORIENTED_EDGE('',*,*,#3913,.T.);
#3913 = EDGE_CURVE('',#3914,#3916,#3918,.T.);
#3914 = VERTEX_POINT('',#3915);
#3915 = CARTESIAN_POINT('',(44.516589027178,38.518076962154,0.));
#3916 = VERTEX_POINT('',#3917);
#3917 = CARTESIAN_POINT('',(44.516589027178,38.518076962154,    1.600050800102));
#3918 = LINE('',#3919,#3920);
#3919 = CARTESIAN_POINT('',(44.516589027178,38.518076962154,0.));
#3920 = VECTOR('',#3921,1.);
#3921 = DIRECTION('',(0.,0.,1.));
#3922 = ORIENTED_EDGE('',*,*,#3923,.T.);
#3923 = EDGE_CURVE('',#3916,#3924,#3926,.T.);
#3924 = VERTEX_POINT('',#3925);
#3925 = CARTESIAN_POINT('',(41.741983489967,38.518076962154,    1.600050800102));
#3926 = CIRCLE('',#3927,1.387302768606);
#3927 = AXIS2_PLACEMENT_3D('',#3928,#3929,#3930);
#3928 = CARTESIAN_POINT('',(43.129286258573,38.518076962154,    1.600050800102));
#3929 = DIRECTION('',(-0.,0.,-1.));
#3930 = DIRECTION('',(1.,-1.110223024625E-16,-0.));
#3931 = ORIENTED_EDGE('',*,*,#3932,.F.);
#3932 = EDGE_CURVE('',#3933,#3924,#3935,.T.);
#3933 = VERTEX_POINT('',#3934);
#3934 = CARTESIAN_POINT('',(41.741983489967,38.518076962154,0.));
#3935 = LINE('',#3936,#3937);
#3936 = CARTESIAN_POINT('',(41.741983489967,38.518076962154,0.));
#3937 = VECTOR('',#3938,1.);
#3938 = DIRECTION('',(0.,0.,1.));
#3939 = ORIENTED_EDGE('',*,*,#3940,.F.);
#3940 = EDGE_CURVE('',#3914,#3933,#3941,.T.);
#3941 = CIRCLE('',#3942,1.387302768606);
#3942 = AXIS2_PLACEMENT_3D('',#3943,#3944,#3945);
#3943 = CARTESIAN_POINT('',(43.129286258573,38.518076962154,0.));
#3944 = DIRECTION('',(-0.,0.,-1.));
#3945 = DIRECTION('',(1.,-1.110223024625E-16,-0.));
#3946 = CYLINDRICAL_SURFACE('',#3947,1.387302768606);
#3947 = AXIS2_PLACEMENT_3D('',#3948,#3949,#3950);
#3948 = CARTESIAN_POINT('',(43.129286258573,38.518076962154,0.));
#3949 = DIRECTION('',(-0.,0.,-1.));
#3950 = DIRECTION('',(1.,-1.110223024625E-16,-0.));
#3951 = ADVANCED_FACE('',(#3952),#3970,.T.);
#3952 = FACE_BOUND('',#3953,.T.);
#3953 = EDGE_LOOP('',(#3954,#3955,#3962,#3963));
#3954 = ORIENTED_EDGE('',*,*,#3932,.T.);
#3955 = ORIENTED_EDGE('',*,*,#3956,.T.);
#3956 = EDGE_CURVE('',#3924,#3916,#3957,.T.);
#3957 = CIRCLE('',#3958,1.387302768606);
#3958 = AXIS2_PLACEMENT_3D('',#3959,#3960,#3961);
#3959 = CARTESIAN_POINT('',(43.129286258573,38.518076962154,    1.600050800102));
#3960 = DIRECTION('',(0.,0.,-1.));
#3961 = DIRECTION('',(-1.,1.110223024625E-16,0.));
#3962 = ORIENTED_EDGE('',*,*,#3913,.F.);
#3963 = ORIENTED_EDGE('',*,*,#3964,.F.);
#3964 = EDGE_CURVE('',#3933,#3914,#3965,.T.);
#3965 = CIRCLE('',#3966,1.387302768606);
#3966 = AXIS2_PLACEMENT_3D('',#3967,#3968,#3969);
#3967 = CARTESIAN_POINT('',(43.129286258573,38.518076962154,0.));
#3968 = DIRECTION('',(0.,0.,-1.));
#3969 = DIRECTION('',(-1.,1.110223024625E-16,0.));
#3970 = CYLINDRICAL_SURFACE('',#3971,1.387302768606);
#3971 = AXIS2_PLACEMENT_3D('',#3972,#3973,#3974);
#3972 = CARTESIAN_POINT('',(43.129286258573,38.518076962154,0.));
#3973 = DIRECTION('',(0.,0.,-1.));
#3974 = DIRECTION('',(-1.,1.110223024625E-16,0.));
#3975 = ADVANCED_FACE('',(#3976),#3980,.T.);
#3976 = FACE_BOUND('',#3977,.T.);
#3977 = EDGE_LOOP('',(#3978,#3979));
#3978 = ORIENTED_EDGE('',*,*,#3940,.T.);
#3979 = ORIENTED_EDGE('',*,*,#3964,.T.);
#3980 = PLANE('',#3981);
#3981 = AXIS2_PLACEMENT_3D('',#3982,#3983,#3984);
#3982 = CARTESIAN_POINT('',(43.129286258573,38.518076962154,0.));
#3983 = DIRECTION('',(-0.,-0.,-1.));
#3984 = DIRECTION('',(-1.,0.,0.));
#3985 = ADVANCED_FACE('',(#3986),#3990,.F.);
#3986 = FACE_BOUND('',#3987,.F.);
#3987 = EDGE_LOOP('',(#3988,#3989));
#3988 = ORIENTED_EDGE('',*,*,#3923,.T.);
#3989 = ORIENTED_EDGE('',*,*,#3956,.T.);
#3990 = PLANE('',#3991);
#3991 = AXIS2_PLACEMENT_3D('',#3992,#3993,#3994);
#3992 = CARTESIAN_POINT('',(43.129286258573,38.518076962154,    1.600050800102));
#3993 = DIRECTION('',(-0.,-0.,-1.));
#3994 = DIRECTION('',(-1.,0.,0.));
#3995 = MANIFOLD_SOLID_BREP('',#3996);
#3996 = CLOSED_SHELL('',(#3997,#4039,#4063,#4073));
#3997 = ADVANCED_FACE('',(#3998),#4034,.T.);
#3998 = FACE_BOUND('',#3999,.T.);
#3999 = EDGE_LOOP('',(#4000,#4010,#4019,#4027));
#4000 = ORIENTED_EDGE('',*,*,#4001,.T.);
#4001 = EDGE_CURVE('',#4002,#4004,#4006,.T.);
#4002 = VERTEX_POINT('',#4003);
#4003 = CARTESIAN_POINT('',(44.516589027178,59.018118110236,0.));
#4004 = VERTEX_POINT('',#4005);
#4005 = CARTESIAN_POINT('',(44.516589027178,59.018118110236,    1.600050800102));
#4006 = LINE('',#4007,#4008);
#4007 = CARTESIAN_POINT('',(44.516589027178,59.018118110236,0.));
#4008 = VECTOR('',#4009,1.);
#4009 = DIRECTION('',(0.,0.,1.));
#4010 = ORIENTED_EDGE('',*,*,#4011,.T.);
#4011 = EDGE_CURVE('',#4004,#4012,#4014,.T.);
#4012 = VERTEX_POINT('',#4013);
#4013 = CARTESIAN_POINT('',(41.741983489967,59.018118110236,    1.600050800102));
#4014 = CIRCLE('',#4015,1.387302768606);
#4015 = AXIS2_PLACEMENT_3D('',#4016,#4017,#4018);
#4016 = CARTESIAN_POINT('',(43.129286258573,59.018118110236,    1.600050800102));
#4017 = DIRECTION('',(-0.,0.,-1.));
#4018 = DIRECTION('',(1.,-1.110223024625E-16,-0.));
#4019 = ORIENTED_EDGE('',*,*,#4020,.F.);
#4020 = EDGE_CURVE('',#4021,#4012,#4023,.T.);
#4021 = VERTEX_POINT('',#4022);
#4022 = CARTESIAN_POINT('',(41.741983489967,59.018118110236,0.));
#4023 = LINE('',#4024,#4025);
#4024 = CARTESIAN_POINT('',(41.741983489967,59.018118110236,0.));
#4025 = VECTOR('',#4026,1.);
#4026 = DIRECTION('',(0.,0.,1.));
#4027 = ORIENTED_EDGE('',*,*,#4028,.F.);
#4028 = EDGE_CURVE('',#4002,#4021,#4029,.T.);
#4029 = CIRCLE('',#4030,1.387302768606);
#4030 = AXIS2_PLACEMENT_3D('',#4031,#4032,#4033);
#4031 = CARTESIAN_POINT('',(43.129286258573,59.018118110236,0.));
#4032 = DIRECTION('',(-0.,0.,-1.));
#4033 = DIRECTION('',(1.,-1.110223024625E-16,-0.));
#4034 = CYLINDRICAL_SURFACE('',#4035,1.387302768606);
#4035 = AXIS2_PLACEMENT_3D('',#4036,#4037,#4038);
#4036 = CARTESIAN_POINT('',(43.129286258573,59.018118110236,0.));
#4037 = DIRECTION('',(-0.,0.,-1.));
#4038 = DIRECTION('',(1.,-1.110223024625E-16,-0.));
#4039 = ADVANCED_FACE('',(#4040),#4058,.T.);
#4040 = FACE_BOUND('',#4041,.T.);
#4041 = EDGE_LOOP('',(#4042,#4043,#4050,#4051));
#4042 = ORIENTED_EDGE('',*,*,#4020,.T.);
#4043 = ORIENTED_EDGE('',*,*,#4044,.T.);
#4044 = EDGE_CURVE('',#4012,#4004,#4045,.T.);
#4045 = CIRCLE('',#4046,1.387302768606);
#4046 = AXIS2_PLACEMENT_3D('',#4047,#4048,#4049);
#4047 = CARTESIAN_POINT('',(43.129286258573,59.018118110236,    1.600050800102));
#4048 = DIRECTION('',(0.,0.,-1.));
#4049 = DIRECTION('',(-1.,1.110223024625E-16,0.));
#4050 = ORIENTED_EDGE('',*,*,#4001,.F.);
#4051 = ORIENTED_EDGE('',*,*,#4052,.F.);
#4052 = EDGE_CURVE('',#4021,#4002,#4053,.T.);
#4053 = CIRCLE('',#4054,1.387302768606);
#4054 = AXIS2_PLACEMENT_3D('',#4055,#4056,#4057);
#4055 = CARTESIAN_POINT('',(43.129286258573,59.018118110236,0.));
#4056 = DIRECTION('',(0.,0.,-1.));
#4057 = DIRECTION('',(-1.,1.110223024625E-16,0.));
#4058 = CYLINDRICAL_SURFACE('',#4059,1.387302768606);
#4059 = AXIS2_PLACEMENT_3D('',#4060,#4061,#4062);
#4060 = CARTESIAN_POINT('',(43.129286258573,59.018118110236,0.));
#4061 = DIRECTION('',(0.,0.,-1.));
#4062 = DIRECTION('',(-1.,1.110223024625E-16,0.));
#4063 = ADVANCED_FACE('',(#4064),#4068,.T.);
#4064 = FACE_BOUND('',#4065,.T.);
#4065 = EDGE_LOOP('',(#4066,#4067));
#4066 = ORIENTED_EDGE('',*,*,#4028,.T.);
#4067 = ORIENTED_EDGE('',*,*,#4052,.T.);
#4068 = PLANE('',#4069);
#4069 = AXIS2_PLACEMENT_3D('',#4070,#4071,#4072);
#4070 = CARTESIAN_POINT('',(43.129286258573,59.018118110236,0.));
#4071 = DIRECTION('',(-0.,-0.,-1.));
#4072 = DIRECTION('',(-1.,0.,0.));
#4073 = ADVANCED_FACE('',(#4074),#4078,.F.);
#4074 = FACE_BOUND('',#4075,.F.);
#4075 = EDGE_LOOP('',(#4076,#4077));
#4076 = ORIENTED_EDGE('',*,*,#4011,.T.);
#4077 = ORIENTED_EDGE('',*,*,#4044,.T.);
#4078 = PLANE('',#4079);
#4079 = AXIS2_PLACEMENT_3D('',#4080,#4081,#4082);
#4080 = CARTESIAN_POINT('',(43.129286258573,59.018118110236,    1.600050800102));
#4081 = DIRECTION('',(-0.,-0.,-1.));
#4082 = DIRECTION('',(-1.,0.,0.));
#4083 = ( GEOMETRIC_REPRESENTATION_CONTEXT(3) GLOBAL_UNCERTAINTY_ASSIGNED_CONTEXT((#4087)) GLOBAL_UNIT_ASSIGNED_CONTEXT((#4084,#4085,#4086)) REPRESENTATION_CONTEXT('Context #1','3D Context with UNIT and UNCERTAINTY') );
#4084 = ( LENGTH_UNIT() NAMED_UNIT(*) SI_UNIT(.MILLI.,.METRE.) );
#4085 = ( NAMED_UNIT(*) PLANE_ANGLE_UNIT() SI_UNIT($,.RADIAN.) );
#4086 = ( NAMED_UNIT(*) SI_UNIT($,.STERADIAN.) SOLID_ANGLE_UNIT() );
#4087 = UNCERTAINTY_MEASURE_WITH_UNIT(LENGTH_MEASURE(1.E-07),#4084,  'distance_accuracy_value','confusion accuracy');
#4088 = CONTEXT_DEPENDENT_SHAPE_REPRESENTATION(#4089,#4091);
#4089 = ( REPRESENTATION_RELATIONSHIP('','',#56,#10) REPRESENTATION_RELATIONSHIP_WITH_TRANSFORMATION(#4090) SHAPE_REPRESENTATION_RELATIONSHIP() );
#4090 = ITEM_DEFINED_TRANSFORMATION('','',#11,#15);
#4091 = PRODUCT_DEFINITION_SHAPE('Placement','Placement of an item',  #4092);
#4092 = NEXT_ASSEMBLY_USAGE_OCCURRENCE('1','=>[0:1:1:2]','',#5,#51,$);
#4093 = PRODUCT_RELATED_PRODUCT_CATEGORY('part',$,(#53));
#4094 = SHAPE_DEFINITION_REPRESENTATION(#4095,#4101);
#4095 = PRODUCT_DEFINITION_SHAPE('','',#4096);
#4096 = PRODUCT_DEFINITION('design','',#4097,#4100);
#4097 = PRODUCT_DEFINITION_FORMATION('','',#4098);
#4098 = PRODUCT('TopCopper~5Wko','TopCopper~5Wko','',(#4099));
#4099 = PRODUCT_CONTEXT('',#2,'mechanical');
#4100 = PRODUCT_DEFINITION_CONTEXT('part definition',#2,'design');
#4101 = SHAPE_REPRESENTATION('',(#11),#4102);
#4102 = ( GEOMETRIC_REPRESENTATION_CONTEXT(3) GLOBAL_UNCERTAINTY_ASSIGNED_CONTEXT((#4106)) GLOBAL_UNIT_ASSIGNED_CONTEXT((#4103,#4104,#4105)) REPRESENTATION_CONTEXT('Context #1','3D Context with UNIT and UNCERTAINTY') );
#4103 = ( LENGTH_UNIT() NAMED_UNIT(*) SI_UNIT(.MILLI.,.METRE.) );
#4104 = ( NAMED_UNIT(*) PLANE_ANGLE_UNIT() SI_UNIT($,.RADIAN.) );
#4105 = ( NAMED_UNIT(*) SI_UNIT($,.STERADIAN.) SOLID_ANGLE_UNIT() );
#4106 = UNCERTAINTY_MEASURE_WITH_UNIT(LENGTH_MEASURE(1.E-07),#4103,  'distance_accuracy_value','confusion accuracy');
#4107 = CONTEXT_DEPENDENT_SHAPE_REPRESENTATION(#4108,#4110);
#4108 = ( REPRESENTATION_RELATIONSHIP('','',#4101,#10) REPRESENTATION_RELATIONSHIP_WITH_TRANSFORMATION(#4109) SHAPE_REPRESENTATION_RELATIONSHIP() );
#4109 = ITEM_DEFINED_TRANSFORMATION('','',#11,#19);
#4110 = PRODUCT_DEFINITION_SHAPE('Placement','Placement of an item',  #4111);
#4111 = NEXT_ASSEMBLY_USAGE_OCCURRENCE('2','=>[0:1:1:3]','',#5,#4096,$);
#4112 = PRODUCT_RELATED_PRODUCT_CATEGORY('part',$,(#4098));
#4113 = SHAPE_DEFINITION_REPRESENTATION(#4114,#4120);
#4114 = PRODUCT_DEFINITION_SHAPE('','',#4115);
#4115 = PRODUCT_DEFINITION('design','',#4116,#4119);
#4116 = PRODUCT_DEFINITION_FORMATION('','',#4117);
#4117 = PRODUCT('BottomCopper~5Wko','BottomCopper~5Wko','',(#4118));
#4118 = PRODUCT_CONTEXT('',#2,'mechanical');
#4119 = PRODUCT_DEFINITION_CONTEXT('part definition',#2,'design');
#4120 = SHAPE_REPRESENTATION('',(#11),#4121);
#4121 = ( GEOMETRIC_REPRESENTATION_CONTEXT(3) GLOBAL_UNCERTAINTY_ASSIGNED_CONTEXT((#4125)) GLOBAL_UNIT_ASSIGNED_CONTEXT((#4122,#4123,#4124)) REPRESENTATION_CONTEXT('Context #1','3D Context with UNIT and UNCERTAINTY') );
#4122 = ( LENGTH_UNIT() NAMED_UNIT(*) SI_UNIT(.MILLI.,.METRE.) );
#4123 = ( NAMED_UNIT(*) PLANE_ANGLE_UNIT() SI_UNIT($,.RADIAN.) );
#4124 = ( NAMED_UNIT(*) SI_UNIT($,.STERADIAN.) SOLID_ANGLE_UNIT() );
#4125 = UNCERTAINTY_MEASURE_WITH_UNIT(LENGTH_MEASURE(1.E-07),#4122,  'distance_accuracy_value','confusion accuracy');
#4126 = CONTEXT_DEPENDENT_SHAPE_REPRESENTATION(#4127,#4129);
#4127 = ( REPRESENTATION_RELATIONSHIP('','',#4120,#10) REPRESENTATION_RELATIONSHIP_WITH_TRANSFORMATION(#4128) SHAPE_REPRESENTATION_RELATIONSHIP() );
#4128 = ITEM_DEFINED_TRANSFORMATION('','',#11,#23);
#4129 = PRODUCT_DEFINITION_SHAPE('Placement','Placement of an item',  #4130);
#4130 = NEXT_ASSEMBLY_USAGE_OCCURRENCE('3','=>[0:1:1:4]','',#5,#4115,$);
#4131 = PRODUCT_RELATED_PRODUCT_CATEGORY('part',$,(#4117));
#4132 = SHAPE_DEFINITION_REPRESENTATION(#4133,#4139);
#4133 = PRODUCT_DEFINITION_SHAPE('','',#4134);
#4134 = PRODUCT_DEFINITION('design','',#4135,#4138);
#4135 = PRODUCT_DEFINITION_FORMATION('','',#4136);
#4136 = PRODUCT('TopSilkscreen~5Wko','TopSilkscreen~5Wko','',(#4137));
#4137 = PRODUCT_CONTEXT('',#2,'mechanical');
#4138 = PRODUCT_DEFINITION_CONTEXT('part definition',#2,'design');
#4139 = SHAPE_REPRESENTATION('',(#11),#4140);
#4140 = ( GEOMETRIC_REPRESENTATION_CONTEXT(3) GLOBAL_UNCERTAINTY_ASSIGNED_CONTEXT((#4144)) GLOBAL_UNIT_ASSIGNED_CONTEXT((#4141,#4142,#4143)) REPRESENTATION_CONTEXT('Context #1','3D Context with UNIT and UNCERTAINTY') );
#4141 = ( LENGTH_UNIT() NAMED_UNIT(*) SI_UNIT(.MILLI.,.METRE.) );
#4142 = ( NAMED_UNIT(*) PLANE_ANGLE_UNIT() SI_UNIT($,.RADIAN.) );
#4143 = ( NAMED_UNIT(*) SI_UNIT($,.STERADIAN.) SOLID_ANGLE_UNIT() );
#4144 = UNCERTAINTY_MEASURE_WITH_UNIT(LENGTH_MEASURE(1.E-07),#4141,  'distance_accuracy_value','confusion accuracy');
#4145 = CONTEXT_DEPENDENT_SHAPE_REPRESENTATION(#4146,#4148);
#4146 = ( REPRESENTATION_RELATIONSHIP('','',#4139,#10) REPRESENTATION_RELATIONSHIP_WITH_TRANSFORMATION(#4147) SHAPE_REPRESENTATION_RELATIONSHIP() );
#4147 = ITEM_DEFINED_TRANSFORMATION('','',#11,#27);
#4148 = PRODUCT_DEFINITION_SHAPE('Placement','Placement of an item',  #4149);
#4149 = NEXT_ASSEMBLY_USAGE_OCCURRENCE('4','=>[0:1:1:5]','',#5,#4134,$);
#4150 = PRODUCT_RELATED_PRODUCT_CATEGORY('part',$,(#4136));
#4151 = SHAPE_DEFINITION_REPRESENTATION(#4152,#4158);
#4152 = PRODUCT_DEFINITION_SHAPE('','',#4153);
#4153 = PRODUCT_DEFINITION('design','',#4154,#4157);
#4154 = PRODUCT_DEFINITION_FORMATION('','',#4155);
#4155 = PRODUCT('BottomSilkscreen~5Wko','BottomSilkscreen~5Wko','',(    #4156));
#4156 = PRODUCT_CONTEXT('',#2,'mechanical');
#4157 = PRODUCT_DEFINITION_CONTEXT('part definition',#2,'design');
#4158 = SHAPE_REPRESENTATION('',(#11),#4159);
#4159 = ( GEOMETRIC_REPRESENTATION_CONTEXT(3) GLOBAL_UNCERTAINTY_ASSIGNED_CONTEXT((#4163)) GLOBAL_UNIT_ASSIGNED_CONTEXT((#4160,#4161,#4162)) REPRESENTATION_CONTEXT('Context #1','3D Context with UNIT and UNCERTAINTY') );
#4160 = ( LENGTH_UNIT() NAMED_UNIT(*) SI_UNIT(.MILLI.,.METRE.) );
#4161 = ( NAMED_UNIT(*) PLANE_ANGLE_UNIT() SI_UNIT($,.RADIAN.) );
#4162 = ( NAMED_UNIT(*) SI_UNIT($,.STERADIAN.) SOLID_ANGLE_UNIT() );
#4163 = UNCERTAINTY_MEASURE_WITH_UNIT(LENGTH_MEASURE(1.E-07),#4160,  'distance_accuracy_value','confusion accuracy');
#4164 = CONTEXT_DEPENDENT_SHAPE_REPRESENTATION(#4165,#4167);
#4165 = ( REPRESENTATION_RELATIONSHIP('','',#4158,#10) REPRESENTATION_RELATIONSHIP_WITH_TRANSFORMATION(#4166) SHAPE_REPRESENTATION_RELATIONSHIP() );
#4166 = ITEM_DEFINED_TRANSFORMATION('','',#11,#31);
#4167 = PRODUCT_DEFINITION_SHAPE('Placement','Placement of an item',  #4168);
#4168 = NEXT_ASSEMBLY_USAGE_OCCURRENCE('5','=>[0:1:1:6]','',#5,#4153,$);
#4169 = PRODUCT_RELATED_PRODUCT_CATEGORY('part',$,(#4155));
#4170 = SHAPE_DEFINITION_REPRESENTATION(#4171,#4177);
#4171 = PRODUCT_DEFINITION_SHAPE('','',#4172);
#4172 = PRODUCT_DEFINITION('design','',#4173,#4176);
#4173 = PRODUCT_DEFINITION_FORMATION('','',#4174);
#4174 = PRODUCT('TopFpcStiffener~5Wko','TopFpcStiffener~5Wko','',(#4175)  );
#4175 = PRODUCT_CONTEXT('',#2,'mechanical');
#4176 = PRODUCT_DEFINITION_CONTEXT('part definition',#2,'design');
#4177 = SHAPE_REPRESENTATION('',(#11),#4178);
#4178 = ( GEOMETRIC_REPRESENTATION_CONTEXT(3) GLOBAL_UNCERTAINTY_ASSIGNED_CONTEXT((#4182)) GLOBAL_UNIT_ASSIGNED_CONTEXT((#4179,#4180,#4181)) REPRESENTATION_CONTEXT('Context #1','3D Context with UNIT and UNCERTAINTY') );
#4179 = ( LENGTH_UNIT() NAMED_UNIT(*) SI_UNIT(.MILLI.,.METRE.) );
#4180 = ( NAMED_UNIT(*) PLANE_ANGLE_UNIT() SI_UNIT($,.RADIAN.) );
#4181 = ( NAMED_UNIT(*) SI_UNIT($,.STERADIAN.) SOLID_ANGLE_UNIT() );
#4182 = UNCERTAINTY_MEASURE_WITH_UNIT(LENGTH_MEASURE(1.E-07),#4179,  'distance_accuracy_value','confusion accuracy');
#4183 = CONTEXT_DEPENDENT_SHAPE_REPRESENTATION(#4184,#4186);
#4184 = ( REPRESENTATION_RELATIONSHIP('','',#4177,#10) REPRESENTATION_RELATIONSHIP_WITH_TRANSFORMATION(#4185) SHAPE_REPRESENTATION_RELATIONSHIP() );
#4185 = ITEM_DEFINED_TRANSFORMATION('','',#11,#35);
#4186 = PRODUCT_DEFINITION_SHAPE('Placement','Placement of an item',  #4187);
#4187 = NEXT_ASSEMBLY_USAGE_OCCURRENCE('6','=>[0:1:1:7]','',#5,#4172,$);
#4188 = PRODUCT_RELATED_PRODUCT_CATEGORY('part',$,(#4174));
#4189 = SHAPE_DEFINITION_REPRESENTATION(#4190,#4196);
#4190 = PRODUCT_DEFINITION_SHAPE('','',#4191);
#4191 = PRODUCT_DEFINITION('design','',#4192,#4195);
#4192 = PRODUCT_DEFINITION_FORMATION('','',#4193);
#4193 = PRODUCT('BottomFpcStiffener~5Wko','BottomFpcStiffener~5Wko','',(    #4194));
#4194 = PRODUCT_CONTEXT('',#2,'mechanical');
#4195 = PRODUCT_DEFINITION_CONTEXT('part definition',#2,'design');
#4196 = SHAPE_REPRESENTATION('',(#11),#4197);
#4197 = ( GEOMETRIC_REPRESENTATION_CONTEXT(3) GLOBAL_UNCERTAINTY_ASSIGNED_CONTEXT((#4201)) GLOBAL_UNIT_ASSIGNED_CONTEXT((#4198,#4199,#4200)) REPRESENTATION_CONTEXT('Context #1','3D Context with UNIT and UNCERTAINTY') );
#4198 = ( LENGTH_UNIT() NAMED_UNIT(*) SI_UNIT(.MILLI.,.METRE.) );
#4199 = ( NAMED_UNIT(*) PLANE_ANGLE_UNIT() SI_UNIT($,.RADIAN.) );
#4200 = ( NAMED_UNIT(*) SI_UNIT($,.STERADIAN.) SOLID_ANGLE_UNIT() );
#4201 = UNCERTAINTY_MEASURE_WITH_UNIT(LENGTH_MEASURE(1.E-07),#4198,  'distance_accuracy_value','confusion accuracy');
#4202 = CONTEXT_DEPENDENT_SHAPE_REPRESENTATION(#4203,#4205);
#4203 = ( REPRESENTATION_RELATIONSHIP('','',#4196,#10) REPRESENTATION_RELATIONSHIP_WITH_TRANSFORMATION(#4204) SHAPE_REPRESENTATION_RELATIONSHIP() );
#4204 = ITEM_DEFINED_TRANSFORMATION('','',#11,#39);
#4205 = PRODUCT_DEFINITION_SHAPE('Placement','Placement of an item',  #4206);
#4206 = NEXT_ASSEMBLY_USAGE_OCCURRENCE('7','=>[0:1:1:8]','',#5,#4191,$);
#4207 = PRODUCT_RELATED_PRODUCT_CATEGORY('part',$,(#4193));
#4208 = MECHANICAL_DESIGN_GEOMETRIC_PRESENTATION_REPRESENTATION('',(    #4209,#4219,#4227,#4234,#4241,#4248,#4255,#4262,#4269,#4276,#4283,    #4290,#4297,#4304,#4311,#4318,#4325,#4332,#4339,#4346,#4353,#4360,    #4367,#4374,#4381,#4388,#4395,#4402,#4409,#4416,#4423,#4430,#4437,    #4444,#4451,#4458,#4465,#4472,#4479,#4486,#4493,#4500,#4507,#4514,    #4521,#4528,#4535,#4542,#4549,#4556,#4563,#4570,#4577,#4584,#4591,    #4598,#4605,#4612,#4619,#4626,#4633,#4640,#4647,#4654,#4661,#4668,    #4675,#4682,#4689,#4696,#4703,#4710,#4717,#4724,#4731,#4738,#4745,    #4752,#4759,#4766,#4773,#4780,#4787,#4794,#4801,#4808,#4815,#4822,    #4829,#4836,#4843,#4850,#4857,#4864,#4871,#4878,#4885,#4892,#4899,    #4906,#4913,#4920,#4929,#4936,#4943,#4952,#4959,#4966,#4975,#4982,    #4989,#4998,#5005),#4083);
#4209 = STYLED_ITEM('color',(#4210),#57);
#4210 = PRESENTATION_STYLE_ASSIGNMENT((#4211,#4217));
#4211 = SURFACE_STYLE_USAGE(.BOTH.,#4212);
#4212 = SURFACE_SIDE_STYLE('',(#4213));
#4213 = SURFACE_STYLE_FILL_AREA(#4214);
#4214 = FILL_AREA_STYLE('',(#4215));
#4215 = FILL_AREA_STYLE_COLOUR('',#4216);
#4216 = COLOUR_RGB('',0.,0.417002959305,0.637991923926);
#4217 = CURVE_STYLE('',#4218,POSITIVE_LENGTH_MEASURE(0.1),#4216);
#4218 = DRAUGHTING_PRE_DEFINED_CURVE_FONT('continuous');
#4219 = OVER_RIDING_STYLED_ITEM('overriding color',(#4220),#59,#4209);
#4220 = PRESENTATION_STYLE_ASSIGNMENT((#4221));
#4221 = SURFACE_STYLE_USAGE(.BOTH.,#4222);
#4222 = SURFACE_SIDE_STYLE('',(#4223));
#4223 = SURFACE_STYLE_FILL_AREA(#4224);
#4224 = FILL_AREA_STYLE('',(#4225));
#4225 = FILL_AREA_STYLE_COLOUR('',#4226);
#4226 = COLOUR_RGB('',0.937179583391,0.9357410338,0.649182888601);
#4227 = OVER_RIDING_STYLED_ITEM('overriding color',(#4228),#99,#4209);
#4228 = PRESENTATION_STYLE_ASSIGNMENT((#4229));
#4229 = SURFACE_STYLE_USAGE(.BOTH.,#4230);
#4230 = SURFACE_SIDE_STYLE('',(#4231));
#4231 = SURFACE_STYLE_FILL_AREA(#4232);
#4232 = FILL_AREA_STYLE('',(#4233));
#4233 = FILL_AREA_STYLE_COLOUR('',#4226);
#4234 = OVER_RIDING_STYLED_ITEM('overriding color',(#4235),#132,#4209);
#4235 = PRESENTATION_STYLE_ASSIGNMENT((#4236));
#4236 = SURFACE_STYLE_USAGE(.BOTH.,#4237);
#4237 = SURFACE_SIDE_STYLE('',(#4238));
#4238 = SURFACE_STYLE_FILL_AREA(#4239);
#4239 = FILL_AREA_STYLE('',(#4240));
#4240 = FILL_AREA_STYLE_COLOUR('',#4226);
#4241 = OVER_RIDING_STYLED_ITEM('overriding color',(#4242),#163,#4209);
#4242 = PRESENTATION_STYLE_ASSIGNMENT((#4243));
#4243 = SURFACE_STYLE_USAGE(.BOTH.,#4244);
#4244 = SURFACE_SIDE_STYLE('',(#4245));
#4245 = SURFACE_STYLE_FILL_AREA(#4246);
#4246 = FILL_AREA_STYLE('',(#4247));
#4247 = FILL_AREA_STYLE_COLOUR('',#4226);
#4248 = OVER_RIDING_STYLED_ITEM('overriding color',(#4249),#196,#4209);
#4249 = PRESENTATION_STYLE_ASSIGNMENT((#4250));
#4250 = SURFACE_STYLE_USAGE(.BOTH.,#4251);
#4251 = SURFACE_SIDE_STYLE('',(#4252));
#4252 = SURFACE_STYLE_FILL_AREA(#4253);
#4253 = FILL_AREA_STYLE('',(#4254));
#4254 = FILL_AREA_STYLE_COLOUR('',#4226);
#4255 = OVER_RIDING_STYLED_ITEM('overriding color',(#4256),#227,#4209);
#4256 = PRESENTATION_STYLE_ASSIGNMENT((#4257));
#4257 = SURFACE_STYLE_USAGE(.BOTH.,#4258);
#4258 = SURFACE_SIDE_STYLE('',(#4259));
#4259 = SURFACE_STYLE_FILL_AREA(#4260);
#4260 = FILL_AREA_STYLE('',(#4261));
#4261 = FILL_AREA_STYLE_COLOUR('',#4226);
#4262 = OVER_RIDING_STYLED_ITEM('overriding color',(#4263),#260,#4209);
#4263 = PRESENTATION_STYLE_ASSIGNMENT((#4264));
#4264 = SURFACE_STYLE_USAGE(.BOTH.,#4265);
#4265 = SURFACE_SIDE_STYLE('',(#4266));
#4266 = SURFACE_STYLE_FILL_AREA(#4267);
#4267 = FILL_AREA_STYLE('',(#4268));
#4268 = FILL_AREA_STYLE_COLOUR('',#4226);
#4269 = OVER_RIDING_STYLED_ITEM('overriding color',(#4270),#291,#4209);
#4270 = PRESENTATION_STYLE_ASSIGNMENT((#4271));
#4271 = SURFACE_STYLE_USAGE(.BOTH.,#4272);
#4272 = SURFACE_SIDE_STYLE('',(#4273));
#4273 = SURFACE_STYLE_FILL_AREA(#4274);
#4274 = FILL_AREA_STYLE('',(#4275));
#4275 = FILL_AREA_STYLE_COLOUR('',#4226);
#4276 = OVER_RIDING_STYLED_ITEM('overriding color',(#4277),#315,#4209);
#4277 = PRESENTATION_STYLE_ASSIGNMENT((#4278));
#4278 = SURFACE_STYLE_USAGE(.BOTH.,#4279);
#4279 = SURFACE_SIDE_STYLE('',(#4280));
#4280 = SURFACE_STYLE_FILL_AREA(#4281);
#4281 = FILL_AREA_STYLE('',(#4282));
#4282 = FILL_AREA_STYLE_COLOUR('',#4226);
#4283 = OVER_RIDING_STYLED_ITEM('overriding color',(#4284),#357,#4209);
#4284 = PRESENTATION_STYLE_ASSIGNMENT((#4285));
#4285 = SURFACE_STYLE_USAGE(.BOTH.,#4286);
#4286 = SURFACE_SIDE_STYLE('',(#4287));
#4287 = SURFACE_STYLE_FILL_AREA(#4288);
#4288 = FILL_AREA_STYLE('',(#4289));
#4289 = FILL_AREA_STYLE_COLOUR('',#4226);
#4290 = OVER_RIDING_STYLED_ITEM('overriding color',(#4291),#381,#4209);
#4291 = PRESENTATION_STYLE_ASSIGNMENT((#4292));
#4292 = SURFACE_STYLE_USAGE(.BOTH.,#4293);
#4293 = SURFACE_SIDE_STYLE('',(#4294));
#4294 = SURFACE_STYLE_FILL_AREA(#4295);
#4295 = FILL_AREA_STYLE('',(#4296));
#4296 = FILL_AREA_STYLE_COLOUR('',#4226);
#4297 = OVER_RIDING_STYLED_ITEM('overriding color',(#4298),#423,#4209);
#4298 = PRESENTATION_STYLE_ASSIGNMENT((#4299));
#4299 = SURFACE_STYLE_USAGE(.BOTH.,#4300);
#4300 = SURFACE_SIDE_STYLE('',(#4301));
#4301 = SURFACE_STYLE_FILL_AREA(#4302);
#4302 = FILL_AREA_STYLE('',(#4303));
#4303 = FILL_AREA_STYLE_COLOUR('',#4226);
#4304 = OVER_RIDING_STYLED_ITEM('overriding color',(#4305),#447,#4209);
#4305 = PRESENTATION_STYLE_ASSIGNMENT((#4306));
#4306 = SURFACE_STYLE_USAGE(.BOTH.,#4307);
#4307 = SURFACE_SIDE_STYLE('',(#4308));
#4308 = SURFACE_STYLE_FILL_AREA(#4309);
#4309 = FILL_AREA_STYLE('',(#4310));
#4310 = FILL_AREA_STYLE_COLOUR('',#4226);
#4311 = OVER_RIDING_STYLED_ITEM('overriding color',(#4312),#489,#4209);
#4312 = PRESENTATION_STYLE_ASSIGNMENT((#4313));
#4313 = SURFACE_STYLE_USAGE(.BOTH.,#4314);
#4314 = SURFACE_SIDE_STYLE('',(#4315));
#4315 = SURFACE_STYLE_FILL_AREA(#4316);
#4316 = FILL_AREA_STYLE('',(#4317));
#4317 = FILL_AREA_STYLE_COLOUR('',#4226);
#4318 = OVER_RIDING_STYLED_ITEM('overriding color',(#4319),#513,#4209);
#4319 = PRESENTATION_STYLE_ASSIGNMENT((#4320));
#4320 = SURFACE_STYLE_USAGE(.BOTH.,#4321);
#4321 = SURFACE_SIDE_STYLE('',(#4322));
#4322 = SURFACE_STYLE_FILL_AREA(#4323);
#4323 = FILL_AREA_STYLE('',(#4324));
#4324 = FILL_AREA_STYLE_COLOUR('',#4226);
#4325 = OVER_RIDING_STYLED_ITEM('overriding color',(#4326),#555,#4209);
#4326 = PRESENTATION_STYLE_ASSIGNMENT((#4327));
#4327 = SURFACE_STYLE_USAGE(.BOTH.,#4328);
#4328 = SURFACE_SIDE_STYLE('',(#4329));
#4329 = SURFACE_STYLE_FILL_AREA(#4330);
#4330 = FILL_AREA_STYLE('',(#4331));
#4331 = FILL_AREA_STYLE_COLOUR('',#4226);
#4332 = OVER_RIDING_STYLED_ITEM('overriding color',(#4333),#579,#4209);
#4333 = PRESENTATION_STYLE_ASSIGNMENT((#4334));
#4334 = SURFACE_STYLE_USAGE(.BOTH.,#4335);
#4335 = SURFACE_SIDE_STYLE('',(#4336));
#4336 = SURFACE_STYLE_FILL_AREA(#4337);
#4337 = FILL_AREA_STYLE('',(#4338));
#4338 = FILL_AREA_STYLE_COLOUR('',#4226);
#4339 = OVER_RIDING_STYLED_ITEM('overriding color',(#4340),#621,#4209);
#4340 = PRESENTATION_STYLE_ASSIGNMENT((#4341));
#4341 = SURFACE_STYLE_USAGE(.BOTH.,#4342);
#4342 = SURFACE_SIDE_STYLE('',(#4343));
#4343 = SURFACE_STYLE_FILL_AREA(#4344);
#4344 = FILL_AREA_STYLE('',(#4345));
#4345 = FILL_AREA_STYLE_COLOUR('',#4226);
#4346 = OVER_RIDING_STYLED_ITEM('overriding color',(#4347),#645,#4209);
#4347 = PRESENTATION_STYLE_ASSIGNMENT((#4348));
#4348 = SURFACE_STYLE_USAGE(.BOTH.,#4349);
#4349 = SURFACE_SIDE_STYLE('',(#4350));
#4350 = SURFACE_STYLE_FILL_AREA(#4351);
#4351 = FILL_AREA_STYLE('',(#4352));
#4352 = FILL_AREA_STYLE_COLOUR('',#4226);
#4353 = OVER_RIDING_STYLED_ITEM('overriding color',(#4354),#687,#4209);
#4354 = PRESENTATION_STYLE_ASSIGNMENT((#4355));
#4355 = SURFACE_STYLE_USAGE(.BOTH.,#4356);
#4356 = SURFACE_SIDE_STYLE('',(#4357));
#4357 = SURFACE_STYLE_FILL_AREA(#4358);
#4358 = FILL_AREA_STYLE('',(#4359));
#4359 = FILL_AREA_STYLE_COLOUR('',#4226);
#4360 = OVER_RIDING_STYLED_ITEM('overriding color',(#4361),#711,#4209);
#4361 = PRESENTATION_STYLE_ASSIGNMENT((#4362));
#4362 = SURFACE_STYLE_USAGE(.BOTH.,#4363);
#4363 = SURFACE_SIDE_STYLE('',(#4364));
#4364 = SURFACE_STYLE_FILL_AREA(#4365);
#4365 = FILL_AREA_STYLE('',(#4366));
#4366 = FILL_AREA_STYLE_COLOUR('',#4226);
#4367 = OVER_RIDING_STYLED_ITEM('overriding color',(#4368),#753,#4209);
#4368 = PRESENTATION_STYLE_ASSIGNMENT((#4369));
#4369 = SURFACE_STYLE_USAGE(.BOTH.,#4370);
#4370 = SURFACE_SIDE_STYLE('',(#4371));
#4371 = SURFACE_STYLE_FILL_AREA(#4372);
#4372 = FILL_AREA_STYLE('',(#4373));
#4373 = FILL_AREA_STYLE_COLOUR('',#4226);
#4374 = OVER_RIDING_STYLED_ITEM('overriding color',(#4375),#777,#4209);
#4375 = PRESENTATION_STYLE_ASSIGNMENT((#4376));
#4376 = SURFACE_STYLE_USAGE(.BOTH.,#4377);
#4377 = SURFACE_SIDE_STYLE('',(#4378));
#4378 = SURFACE_STYLE_FILL_AREA(#4379);
#4379 = FILL_AREA_STYLE('',(#4380));
#4380 = FILL_AREA_STYLE_COLOUR('',#4226);
#4381 = OVER_RIDING_STYLED_ITEM('overriding color',(#4382),#819,#4209);
#4382 = PRESENTATION_STYLE_ASSIGNMENT((#4383));
#4383 = SURFACE_STYLE_USAGE(.BOTH.,#4384);
#4384 = SURFACE_SIDE_STYLE('',(#4385));
#4385 = SURFACE_STYLE_FILL_AREA(#4386);
#4386 = FILL_AREA_STYLE('',(#4387));
#4387 = FILL_AREA_STYLE_COLOUR('',#4226);
#4388 = OVER_RIDING_STYLED_ITEM('overriding color',(#4389),#843,#4209);
#4389 = PRESENTATION_STYLE_ASSIGNMENT((#4390));
#4390 = SURFACE_STYLE_USAGE(.BOTH.,#4391);
#4391 = SURFACE_SIDE_STYLE('',(#4392));
#4392 = SURFACE_STYLE_FILL_AREA(#4393);
#4393 = FILL_AREA_STYLE('',(#4394));
#4394 = FILL_AREA_STYLE_COLOUR('',#4226);
#4395 = OVER_RIDING_STYLED_ITEM('overriding color',(#4396),#885,#4209);
#4396 = PRESENTATION_STYLE_ASSIGNMENT((#4397));
#4397 = SURFACE_STYLE_USAGE(.BOTH.,#4398);
#4398 = SURFACE_SIDE_STYLE('',(#4399));
#4399 = SURFACE_STYLE_FILL_AREA(#4400);
#4400 = FILL_AREA_STYLE('',(#4401));
#4401 = FILL_AREA_STYLE_COLOUR('',#4226);
#4402 = OVER_RIDING_STYLED_ITEM('overriding color',(#4403),#909,#4209);
#4403 = PRESENTATION_STYLE_ASSIGNMENT((#4404));
#4404 = SURFACE_STYLE_USAGE(.BOTH.,#4405);
#4405 = SURFACE_SIDE_STYLE('',(#4406));
#4406 = SURFACE_STYLE_FILL_AREA(#4407);
#4407 = FILL_AREA_STYLE('',(#4408));
#4408 = FILL_AREA_STYLE_COLOUR('',#4226);
#4409 = OVER_RIDING_STYLED_ITEM('overriding color',(#4410),#951,#4209);
#4410 = PRESENTATION_STYLE_ASSIGNMENT((#4411));
#4411 = SURFACE_STYLE_USAGE(.BOTH.,#4412);
#4412 = SURFACE_SIDE_STYLE('',(#4413));
#4413 = SURFACE_STYLE_FILL_AREA(#4414);
#4414 = FILL_AREA_STYLE('',(#4415));
#4415 = FILL_AREA_STYLE_COLOUR('',#4226);
#4416 = OVER_RIDING_STYLED_ITEM('overriding color',(#4417),#975,#4209);
#4417 = PRESENTATION_STYLE_ASSIGNMENT((#4418));
#4418 = SURFACE_STYLE_USAGE(.BOTH.,#4419);
#4419 = SURFACE_SIDE_STYLE('',(#4420));
#4420 = SURFACE_STYLE_FILL_AREA(#4421);
#4421 = FILL_AREA_STYLE('',(#4422));
#4422 = FILL_AREA_STYLE_COLOUR('',#4226);
#4423 = OVER_RIDING_STYLED_ITEM('overriding color',(#4424),#1017,#4209);
#4424 = PRESENTATION_STYLE_ASSIGNMENT((#4425));
#4425 = SURFACE_STYLE_USAGE(.BOTH.,#4426);
#4426 = SURFACE_SIDE_STYLE('',(#4427));
#4427 = SURFACE_STYLE_FILL_AREA(#4428);
#4428 = FILL_AREA_STYLE('',(#4429));
#4429 = FILL_AREA_STYLE_COLOUR('',#4226);
#4430 = OVER_RIDING_STYLED_ITEM('overriding color',(#4431),#1041,#4209);
#4431 = PRESENTATION_STYLE_ASSIGNMENT((#4432));
#4432 = SURFACE_STYLE_USAGE(.BOTH.,#4433);
#4433 = SURFACE_SIDE_STYLE('',(#4434));
#4434 = SURFACE_STYLE_FILL_AREA(#4435);
#4435 = FILL_AREA_STYLE('',(#4436));
#4436 = FILL_AREA_STYLE_COLOUR('',#4226);
#4437 = OVER_RIDING_STYLED_ITEM('overriding color',(#4438),#1083,#4209);
#4438 = PRESENTATION_STYLE_ASSIGNMENT((#4439));
#4439 = SURFACE_STYLE_USAGE(.BOTH.,#4440);
#4440 = SURFACE_SIDE_STYLE('',(#4441));
#4441 = SURFACE_STYLE_FILL_AREA(#4442);
#4442 = FILL_AREA_STYLE('',(#4443));
#4443 = FILL_AREA_STYLE_COLOUR('',#4226);
#4444 = OVER_RIDING_STYLED_ITEM('overriding color',(#4445),#1107,#4209);
#4445 = PRESENTATION_STYLE_ASSIGNMENT((#4446));
#4446 = SURFACE_STYLE_USAGE(.BOTH.,#4447);
#4447 = SURFACE_SIDE_STYLE('',(#4448));
#4448 = SURFACE_STYLE_FILL_AREA(#4449);
#4449 = FILL_AREA_STYLE('',(#4450));
#4450 = FILL_AREA_STYLE_COLOUR('',#4226);
#4451 = OVER_RIDING_STYLED_ITEM('overriding color',(#4452),#1149,#4209);
#4452 = PRESENTATION_STYLE_ASSIGNMENT((#4453));
#4453 = SURFACE_STYLE_USAGE(.BOTH.,#4454);
#4454 = SURFACE_SIDE_STYLE('',(#4455));
#4455 = SURFACE_STYLE_FILL_AREA(#4456);
#4456 = FILL_AREA_STYLE('',(#4457));
#4457 = FILL_AREA_STYLE_COLOUR('',#4226);
#4458 = OVER_RIDING_STYLED_ITEM('overriding color',(#4459),#1173,#4209);
#4459 = PRESENTATION_STYLE_ASSIGNMENT((#4460));
#4460 = SURFACE_STYLE_USAGE(.BOTH.,#4461);
#4461 = SURFACE_SIDE_STYLE('',(#4462));
#4462 = SURFACE_STYLE_FILL_AREA(#4463);
#4463 = FILL_AREA_STYLE('',(#4464));
#4464 = FILL_AREA_STYLE_COLOUR('',#4226);
#4465 = OVER_RIDING_STYLED_ITEM('overriding color',(#4466),#1215,#4209);
#4466 = PRESENTATION_STYLE_ASSIGNMENT((#4467));
#4467 = SURFACE_STYLE_USAGE(.BOTH.,#4468);
#4468 = SURFACE_SIDE_STYLE('',(#4469));
#4469 = SURFACE_STYLE_FILL_AREA(#4470);
#4470 = FILL_AREA_STYLE('',(#4471));
#4471 = FILL_AREA_STYLE_COLOUR('',#4226);
#4472 = OVER_RIDING_STYLED_ITEM('overriding color',(#4473),#1239,#4209);
#4473 = PRESENTATION_STYLE_ASSIGNMENT((#4474));
#4474 = SURFACE_STYLE_USAGE(.BOTH.,#4475);
#4475 = SURFACE_SIDE_STYLE('',(#4476));
#4476 = SURFACE_STYLE_FILL_AREA(#4477);
#4477 = FILL_AREA_STYLE('',(#4478));
#4478 = FILL_AREA_STYLE_COLOUR('',#4226);
#4479 = OVER_RIDING_STYLED_ITEM('overriding color',(#4480),#1281,#4209);
#4480 = PRESENTATION_STYLE_ASSIGNMENT((#4481));
#4481 = SURFACE_STYLE_USAGE(.BOTH.,#4482);
#4482 = SURFACE_SIDE_STYLE('',(#4483));
#4483 = SURFACE_STYLE_FILL_AREA(#4484);
#4484 = FILL_AREA_STYLE('',(#4485));
#4485 = FILL_AREA_STYLE_COLOUR('',#4226);
#4486 = OVER_RIDING_STYLED_ITEM('overriding color',(#4487),#1305,#4209);
#4487 = PRESENTATION_STYLE_ASSIGNMENT((#4488));
#4488 = SURFACE_STYLE_USAGE(.BOTH.,#4489);
#4489 = SURFACE_SIDE_STYLE('',(#4490));
#4490 = SURFACE_STYLE_FILL_AREA(#4491);
#4491 = FILL_AREA_STYLE('',(#4492));
#4492 = FILL_AREA_STYLE_COLOUR('',#4226);
#4493 = OVER_RIDING_STYLED_ITEM('overriding color',(#4494),#1347,#4209);
#4494 = PRESENTATION_STYLE_ASSIGNMENT((#4495));
#4495 = SURFACE_STYLE_USAGE(.BOTH.,#4496);
#4496 = SURFACE_SIDE_STYLE('',(#4497));
#4497 = SURFACE_STYLE_FILL_AREA(#4498);
#4498 = FILL_AREA_STYLE('',(#4499));
#4499 = FILL_AREA_STYLE_COLOUR('',#4226);
#4500 = OVER_RIDING_STYLED_ITEM('overriding color',(#4501),#1371,#4209);
#4501 = PRESENTATION_STYLE_ASSIGNMENT((#4502));
#4502 = SURFACE_STYLE_USAGE(.BOTH.,#4503);
#4503 = SURFACE_SIDE_STYLE('',(#4504));
#4504 = SURFACE_STYLE_FILL_AREA(#4505);
#4505 = FILL_AREA_STYLE('',(#4506));
#4506 = FILL_AREA_STYLE_COLOUR('',#4226);
#4507 = OVER_RIDING_STYLED_ITEM('overriding color',(#4508),#1413,#4209);
#4508 = PRESENTATION_STYLE_ASSIGNMENT((#4509));
#4509 = SURFACE_STYLE_USAGE(.BOTH.,#4510);
#4510 = SURFACE_SIDE_STYLE('',(#4511));
#4511 = SURFACE_STYLE_FILL_AREA(#4512);
#4512 = FILL_AREA_STYLE('',(#4513));
#4513 = FILL_AREA_STYLE_COLOUR('',#4226);
#4514 = OVER_RIDING_STYLED_ITEM('overriding color',(#4515),#1437,#4209);
#4515 = PRESENTATION_STYLE_ASSIGNMENT((#4516));
#4516 = SURFACE_STYLE_USAGE(.BOTH.,#4517);
#4517 = SURFACE_SIDE_STYLE('',(#4518));
#4518 = SURFACE_STYLE_FILL_AREA(#4519);
#4519 = FILL_AREA_STYLE('',(#4520));
#4520 = FILL_AREA_STYLE_COLOUR('',#4226);
#4521 = OVER_RIDING_STYLED_ITEM('overriding color',(#4522),#1479,#4209);
#4522 = PRESENTATION_STYLE_ASSIGNMENT((#4523));
#4523 = SURFACE_STYLE_USAGE(.BOTH.,#4524);
#4524 = SURFACE_SIDE_STYLE('',(#4525));
#4525 = SURFACE_STYLE_FILL_AREA(#4526);
#4526 = FILL_AREA_STYLE('',(#4527));
#4527 = FILL_AREA_STYLE_COLOUR('',#4226);
#4528 = OVER_RIDING_STYLED_ITEM('overriding color',(#4529),#1503,#4209);
#4529 = PRESENTATION_STYLE_ASSIGNMENT((#4530));
#4530 = SURFACE_STYLE_USAGE(.BOTH.,#4531);
#4531 = SURFACE_SIDE_STYLE('',(#4532));
#4532 = SURFACE_STYLE_FILL_AREA(#4533);
#4533 = FILL_AREA_STYLE('',(#4534));
#4534 = FILL_AREA_STYLE_COLOUR('',#4226);
#4535 = OVER_RIDING_STYLED_ITEM('overriding color',(#4536),#1545,#4209);
#4536 = PRESENTATION_STYLE_ASSIGNMENT((#4537));
#4537 = SURFACE_STYLE_USAGE(.BOTH.,#4538);
#4538 = SURFACE_SIDE_STYLE('',(#4539));
#4539 = SURFACE_STYLE_FILL_AREA(#4540);
#4540 = FILL_AREA_STYLE('',(#4541));
#4541 = FILL_AREA_STYLE_COLOUR('',#4226);
#4542 = OVER_RIDING_STYLED_ITEM('overriding color',(#4543),#1569,#4209);
#4543 = PRESENTATION_STYLE_ASSIGNMENT((#4544));
#4544 = SURFACE_STYLE_USAGE(.BOTH.,#4545);
#4545 = SURFACE_SIDE_STYLE('',(#4546));
#4546 = SURFACE_STYLE_FILL_AREA(#4547);
#4547 = FILL_AREA_STYLE('',(#4548));
#4548 = FILL_AREA_STYLE_COLOUR('',#4226);
#4549 = OVER_RIDING_STYLED_ITEM('overriding color',(#4550),#1611,#4209);
#4550 = PRESENTATION_STYLE_ASSIGNMENT((#4551));
#4551 = SURFACE_STYLE_USAGE(.BOTH.,#4552);
#4552 = SURFACE_SIDE_STYLE('',(#4553));
#4553 = SURFACE_STYLE_FILL_AREA(#4554);
#4554 = FILL_AREA_STYLE('',(#4555));
#4555 = FILL_AREA_STYLE_COLOUR('',#4226);
#4556 = OVER_RIDING_STYLED_ITEM('overriding color',(#4557),#1635,#4209);
#4557 = PRESENTATION_STYLE_ASSIGNMENT((#4558));
#4558 = SURFACE_STYLE_USAGE(.BOTH.,#4559);
#4559 = SURFACE_SIDE_STYLE('',(#4560));
#4560 = SURFACE_STYLE_FILL_AREA(#4561);
#4561 = FILL_AREA_STYLE('',(#4562));
#4562 = FILL_AREA_STYLE_COLOUR('',#4226);
#4563 = OVER_RIDING_STYLED_ITEM('overriding color',(#4564),#1677,#4209);
#4564 = PRESENTATION_STYLE_ASSIGNMENT((#4565));
#4565 = SURFACE_STYLE_USAGE(.BOTH.,#4566);
#4566 = SURFACE_SIDE_STYLE('',(#4567));
#4567 = SURFACE_STYLE_FILL_AREA(#4568);
#4568 = FILL_AREA_STYLE('',(#4569));
#4569 = FILL_AREA_STYLE_COLOUR('',#4226);
#4570 = OVER_RIDING_STYLED_ITEM('overriding color',(#4571),#1701,#4209);
#4571 = PRESENTATION_STYLE_ASSIGNMENT((#4572));
#4572 = SURFACE_STYLE_USAGE(.BOTH.,#4573);
#4573 = SURFACE_SIDE_STYLE('',(#4574));
#4574 = SURFACE_STYLE_FILL_AREA(#4575);
#4575 = FILL_AREA_STYLE('',(#4576));
#4576 = FILL_AREA_STYLE_COLOUR('',#4226);
#4577 = OVER_RIDING_STYLED_ITEM('overriding color',(#4578),#1743,#4209);
#4578 = PRESENTATION_STYLE_ASSIGNMENT((#4579));
#4579 = SURFACE_STYLE_USAGE(.BOTH.,#4580);
#4580 = SURFACE_SIDE_STYLE('',(#4581));
#4581 = SURFACE_STYLE_FILL_AREA(#4582);
#4582 = FILL_AREA_STYLE('',(#4583));
#4583 = FILL_AREA_STYLE_COLOUR('',#4226);
#4584 = OVER_RIDING_STYLED_ITEM('overriding color',(#4585),#1767,#4209);
#4585 = PRESENTATION_STYLE_ASSIGNMENT((#4586));
#4586 = SURFACE_STYLE_USAGE(.BOTH.,#4587);
#4587 = SURFACE_SIDE_STYLE('',(#4588));
#4588 = SURFACE_STYLE_FILL_AREA(#4589);
#4589 = FILL_AREA_STYLE('',(#4590));
#4590 = FILL_AREA_STYLE_COLOUR('',#4226);
#4591 = OVER_RIDING_STYLED_ITEM('overriding color',(#4592),#1809,#4209);
#4592 = PRESENTATION_STYLE_ASSIGNMENT((#4593));
#4593 = SURFACE_STYLE_USAGE(.BOTH.,#4594);
#4594 = SURFACE_SIDE_STYLE('',(#4595));
#4595 = SURFACE_STYLE_FILL_AREA(#4596);
#4596 = FILL_AREA_STYLE('',(#4597));
#4597 = FILL_AREA_STYLE_COLOUR('',#4226);
#4598 = OVER_RIDING_STYLED_ITEM('overriding color',(#4599),#1840,#4209);
#4599 = PRESENTATION_STYLE_ASSIGNMENT((#4600));
#4600 = SURFACE_STYLE_USAGE(.BOTH.,#4601);
#4601 = SURFACE_SIDE_STYLE('',(#4602));
#4602 = SURFACE_STYLE_FILL_AREA(#4603);
#4603 = FILL_AREA_STYLE('',(#4604));
#4604 = FILL_AREA_STYLE_COLOUR('',#4226);
#4605 = OVER_RIDING_STYLED_ITEM('overriding color',(#4606),#1873,#4209);
#4606 = PRESENTATION_STYLE_ASSIGNMENT((#4607));
#4607 = SURFACE_STYLE_USAGE(.BOTH.,#4608);
#4608 = SURFACE_SIDE_STYLE('',(#4609));
#4609 = SURFACE_STYLE_FILL_AREA(#4610);
#4610 = FILL_AREA_STYLE('',(#4611));
#4611 = FILL_AREA_STYLE_COLOUR('',#4226);
#4612 = OVER_RIDING_STYLED_ITEM('overriding color',(#4613),#1904,#4209);
#4613 = PRESENTATION_STYLE_ASSIGNMENT((#4614));
#4614 = SURFACE_STYLE_USAGE(.BOTH.,#4615);
#4615 = SURFACE_SIDE_STYLE('',(#4616));
#4616 = SURFACE_STYLE_FILL_AREA(#4617);
#4617 = FILL_AREA_STYLE('',(#4618));
#4618 = FILL_AREA_STYLE_COLOUR('',#4226);
#4619 = OVER_RIDING_STYLED_ITEM('overriding color',(#4620),#1937,#4209);
#4620 = PRESENTATION_STYLE_ASSIGNMENT((#4621));
#4621 = SURFACE_STYLE_USAGE(.BOTH.,#4622);
#4622 = SURFACE_SIDE_STYLE('',(#4623));
#4623 = SURFACE_STYLE_FILL_AREA(#4624);
#4624 = FILL_AREA_STYLE('',(#4625));
#4625 = FILL_AREA_STYLE_COLOUR('',#4226);
#4626 = OVER_RIDING_STYLED_ITEM('overriding color',(#4627),#1968,#4209);
#4627 = PRESENTATION_STYLE_ASSIGNMENT((#4628));
#4628 = SURFACE_STYLE_USAGE(.BOTH.,#4629);
#4629 = SURFACE_SIDE_STYLE('',(#4630));
#4630 = SURFACE_STYLE_FILL_AREA(#4631);
#4631 = FILL_AREA_STYLE('',(#4632));
#4632 = FILL_AREA_STYLE_COLOUR('',#4226);
#4633 = OVER_RIDING_STYLED_ITEM('overriding color',(#4634),#2001,#4209);
#4634 = PRESENTATION_STYLE_ASSIGNMENT((#4635));
#4635 = SURFACE_STYLE_USAGE(.BOTH.,#4636);
#4636 = SURFACE_SIDE_STYLE('',(#4637));
#4637 = SURFACE_STYLE_FILL_AREA(#4638);
#4638 = FILL_AREA_STYLE('',(#4639));
#4639 = FILL_AREA_STYLE_COLOUR('',#4226);
#4640 = OVER_RIDING_STYLED_ITEM('overriding color',(#4641),#2023,#4209);
#4641 = PRESENTATION_STYLE_ASSIGNMENT((#4642));
#4642 = SURFACE_STYLE_USAGE(.BOTH.,#4643);
#4643 = SURFACE_SIDE_STYLE('',(#4644));
#4644 = SURFACE_STYLE_FILL_AREA(#4645);
#4645 = FILL_AREA_STYLE('',(#4646));
#4646 = FILL_AREA_STYLE_COLOUR('',#4226);
#4647 = OVER_RIDING_STYLED_ITEM('overriding color',(#4648),#2065,#4209);
#4648 = PRESENTATION_STYLE_ASSIGNMENT((#4649));
#4649 = SURFACE_STYLE_USAGE(.BOTH.,#4650);
#4650 = SURFACE_SIDE_STYLE('',(#4651));
#4651 = SURFACE_STYLE_FILL_AREA(#4652);
#4652 = FILL_AREA_STYLE('',(#4653));
#4653 = FILL_AREA_STYLE_COLOUR('',#4226);
#4654 = OVER_RIDING_STYLED_ITEM('overriding color',(#4655),#2089,#4209);
#4655 = PRESENTATION_STYLE_ASSIGNMENT((#4656));
#4656 = SURFACE_STYLE_USAGE(.BOTH.,#4657);
#4657 = SURFACE_SIDE_STYLE('',(#4658));
#4658 = SURFACE_STYLE_FILL_AREA(#4659);
#4659 = FILL_AREA_STYLE('',(#4660));
#4660 = FILL_AREA_STYLE_COLOUR('',#4226);
#4661 = OVER_RIDING_STYLED_ITEM('overriding color',(#4662),#2131,#4209);
#4662 = PRESENTATION_STYLE_ASSIGNMENT((#4663));
#4663 = SURFACE_STYLE_USAGE(.BOTH.,#4664);
#4664 = SURFACE_SIDE_STYLE('',(#4665));
#4665 = SURFACE_STYLE_FILL_AREA(#4666);
#4666 = FILL_AREA_STYLE('',(#4667));
#4667 = FILL_AREA_STYLE_COLOUR('',#4226);
#4668 = OVER_RIDING_STYLED_ITEM('overriding color',(#4669),#2155,#4209);
#4669 = PRESENTATION_STYLE_ASSIGNMENT((#4670));
#4670 = SURFACE_STYLE_USAGE(.BOTH.,#4671);
#4671 = SURFACE_SIDE_STYLE('',(#4672));
#4672 = SURFACE_STYLE_FILL_AREA(#4673);
#4673 = FILL_AREA_STYLE('',(#4674));
#4674 = FILL_AREA_STYLE_COLOUR('',#4226);
#4675 = OVER_RIDING_STYLED_ITEM('overriding color',(#4676),#2197,#4209);
#4676 = PRESENTATION_STYLE_ASSIGNMENT((#4677));
#4677 = SURFACE_STYLE_USAGE(.BOTH.,#4678);
#4678 = SURFACE_SIDE_STYLE('',(#4679));
#4679 = SURFACE_STYLE_FILL_AREA(#4680);
#4680 = FILL_AREA_STYLE('',(#4681));
#4681 = FILL_AREA_STYLE_COLOUR('',#4226);
#4682 = OVER_RIDING_STYLED_ITEM('overriding color',(#4683),#2221,#4209);
#4683 = PRESENTATION_STYLE_ASSIGNMENT((#4684));
#4684 = SURFACE_STYLE_USAGE(.BOTH.,#4685);
#4685 = SURFACE_SIDE_STYLE('',(#4686));
#4686 = SURFACE_STYLE_FILL_AREA(#4687);
#4687 = FILL_AREA_STYLE('',(#4688));
#4688 = FILL_AREA_STYLE_COLOUR('',#4226);
#4689 = OVER_RIDING_STYLED_ITEM('overriding color',(#4690),#2263,#4209);
#4690 = PRESENTATION_STYLE_ASSIGNMENT((#4691));
#4691 = SURFACE_STYLE_USAGE(.BOTH.,#4692);
#4692 = SURFACE_SIDE_STYLE('',(#4693));
#4693 = SURFACE_STYLE_FILL_AREA(#4694);
#4694 = FILL_AREA_STYLE('',(#4695));
#4695 = FILL_AREA_STYLE_COLOUR('',#4226);
#4696 = OVER_RIDING_STYLED_ITEM('overriding color',(#4697),#2287,#4209);
#4697 = PRESENTATION_STYLE_ASSIGNMENT((#4698));
#4698 = SURFACE_STYLE_USAGE(.BOTH.,#4699);
#4699 = SURFACE_SIDE_STYLE('',(#4700));
#4700 = SURFACE_STYLE_FILL_AREA(#4701);
#4701 = FILL_AREA_STYLE('',(#4702));
#4702 = FILL_AREA_STYLE_COLOUR('',#4226);
#4703 = OVER_RIDING_STYLED_ITEM('overriding color',(#4704),#2329,#4209);
#4704 = PRESENTATION_STYLE_ASSIGNMENT((#4705));
#4705 = SURFACE_STYLE_USAGE(.BOTH.,#4706);
#4706 = SURFACE_SIDE_STYLE('',(#4707));
#4707 = SURFACE_STYLE_FILL_AREA(#4708);
#4708 = FILL_AREA_STYLE('',(#4709));
#4709 = FILL_AREA_STYLE_COLOUR('',#4226);
#4710 = OVER_RIDING_STYLED_ITEM('overriding color',(#4711),#2353,#4209);
#4711 = PRESENTATION_STYLE_ASSIGNMENT((#4712));
#4712 = SURFACE_STYLE_USAGE(.BOTH.,#4713);
#4713 = SURFACE_SIDE_STYLE('',(#4714));
#4714 = SURFACE_STYLE_FILL_AREA(#4715);
#4715 = FILL_AREA_STYLE('',(#4716));
#4716 = FILL_AREA_STYLE_COLOUR('',#4226);
#4717 = OVER_RIDING_STYLED_ITEM('overriding color',(#4718),#2395,#4209);
#4718 = PRESENTATION_STYLE_ASSIGNMENT((#4719));
#4719 = SURFACE_STYLE_USAGE(.BOTH.,#4720);
#4720 = SURFACE_SIDE_STYLE('',(#4721));
#4721 = SURFACE_STYLE_FILL_AREA(#4722);
#4722 = FILL_AREA_STYLE('',(#4723));
#4723 = FILL_AREA_STYLE_COLOUR('',#4226);
#4724 = OVER_RIDING_STYLED_ITEM('overriding color',(#4725),#2419,#4209);
#4725 = PRESENTATION_STYLE_ASSIGNMENT((#4726));
#4726 = SURFACE_STYLE_USAGE(.BOTH.,#4727);
#4727 = SURFACE_SIDE_STYLE('',(#4728));
#4728 = SURFACE_STYLE_FILL_AREA(#4729);
#4729 = FILL_AREA_STYLE('',(#4730));
#4730 = FILL_AREA_STYLE_COLOUR('',#4226);
#4731 = OVER_RIDING_STYLED_ITEM('overriding color',(#4732),#2461,#4209);
#4732 = PRESENTATION_STYLE_ASSIGNMENT((#4733));
#4733 = SURFACE_STYLE_USAGE(.BOTH.,#4734);
#4734 = SURFACE_SIDE_STYLE('',(#4735));
#4735 = SURFACE_STYLE_FILL_AREA(#4736);
#4736 = FILL_AREA_STYLE('',(#4737));
#4737 = FILL_AREA_STYLE_COLOUR('',#4226);
#4738 = OVER_RIDING_STYLED_ITEM('overriding color',(#4739),#2485,#4209);
#4739 = PRESENTATION_STYLE_ASSIGNMENT((#4740));
#4740 = SURFACE_STYLE_USAGE(.BOTH.,#4741);
#4741 = SURFACE_SIDE_STYLE('',(#4742));
#4742 = SURFACE_STYLE_FILL_AREA(#4743);
#4743 = FILL_AREA_STYLE('',(#4744));
#4744 = FILL_AREA_STYLE_COLOUR('',#4226);
#4745 = OVER_RIDING_STYLED_ITEM('overriding color',(#4746),#2527,#4209);
#4746 = PRESENTATION_STYLE_ASSIGNMENT((#4747));
#4747 = SURFACE_STYLE_USAGE(.BOTH.,#4748);
#4748 = SURFACE_SIDE_STYLE('',(#4749));
#4749 = SURFACE_STYLE_FILL_AREA(#4750);
#4750 = FILL_AREA_STYLE('',(#4751));
#4751 = FILL_AREA_STYLE_COLOUR('',#4226);
#4752 = OVER_RIDING_STYLED_ITEM('overriding color',(#4753),#2551,#4209);
#4753 = PRESENTATION_STYLE_ASSIGNMENT((#4754));
#4754 = SURFACE_STYLE_USAGE(.BOTH.,#4755);
#4755 = SURFACE_SIDE_STYLE('',(#4756));
#4756 = SURFACE_STYLE_FILL_AREA(#4757);
#4757 = FILL_AREA_STYLE('',(#4758));
#4758 = FILL_AREA_STYLE_COLOUR('',#4226);
#4759 = OVER_RIDING_STYLED_ITEM('overriding color',(#4760),#2593,#4209);
#4760 = PRESENTATION_STYLE_ASSIGNMENT((#4761));
#4761 = SURFACE_STYLE_USAGE(.BOTH.,#4762);
#4762 = SURFACE_SIDE_STYLE('',(#4763));
#4763 = SURFACE_STYLE_FILL_AREA(#4764);
#4764 = FILL_AREA_STYLE('',(#4765));
#4765 = FILL_AREA_STYLE_COLOUR('',#4226);
#4766 = OVER_RIDING_STYLED_ITEM('overriding color',(#4767),#2617,#4209);
#4767 = PRESENTATION_STYLE_ASSIGNMENT((#4768));
#4768 = SURFACE_STYLE_USAGE(.BOTH.,#4769);
#4769 = SURFACE_SIDE_STYLE('',(#4770));
#4770 = SURFACE_STYLE_FILL_AREA(#4771);
#4771 = FILL_AREA_STYLE('',(#4772));
#4772 = FILL_AREA_STYLE_COLOUR('',#4226);
#4773 = OVER_RIDING_STYLED_ITEM('overriding color',(#4774),#2659,#4209);
#4774 = PRESENTATION_STYLE_ASSIGNMENT((#4775));
#4775 = SURFACE_STYLE_USAGE(.BOTH.,#4776);
#4776 = SURFACE_SIDE_STYLE('',(#4777));
#4777 = SURFACE_STYLE_FILL_AREA(#4778);
#4778 = FILL_AREA_STYLE('',(#4779));
#4779 = FILL_AREA_STYLE_COLOUR('',#4226);
#4780 = OVER_RIDING_STYLED_ITEM('overriding color',(#4781),#2683,#4209);
#4781 = PRESENTATION_STYLE_ASSIGNMENT((#4782));
#4782 = SURFACE_STYLE_USAGE(.BOTH.,#4783);
#4783 = SURFACE_SIDE_STYLE('',(#4784));
#4784 = SURFACE_STYLE_FILL_AREA(#4785);
#4785 = FILL_AREA_STYLE('',(#4786));
#4786 = FILL_AREA_STYLE_COLOUR('',#4226);
#4787 = OVER_RIDING_STYLED_ITEM('overriding color',(#4788),#2725,#4209);
#4788 = PRESENTATION_STYLE_ASSIGNMENT((#4789));
#4789 = SURFACE_STYLE_USAGE(.BOTH.,#4790);
#4790 = SURFACE_SIDE_STYLE('',(#4791));
#4791 = SURFACE_STYLE_FILL_AREA(#4792);
#4792 = FILL_AREA_STYLE('',(#4793));
#4793 = FILL_AREA_STYLE_COLOUR('',#4226);
#4794 = OVER_RIDING_STYLED_ITEM('overriding color',(#4795),#2749,#4209);
#4795 = PRESENTATION_STYLE_ASSIGNMENT((#4796));
#4796 = SURFACE_STYLE_USAGE(.BOTH.,#4797);
#4797 = SURFACE_SIDE_STYLE('',(#4798));
#4798 = SURFACE_STYLE_FILL_AREA(#4799);
#4799 = FILL_AREA_STYLE('',(#4800));
#4800 = FILL_AREA_STYLE_COLOUR('',#4226);
#4801 = OVER_RIDING_STYLED_ITEM('overriding color',(#4802),#2791,#4209);
#4802 = PRESENTATION_STYLE_ASSIGNMENT((#4803));
#4803 = SURFACE_STYLE_USAGE(.BOTH.,#4804);
#4804 = SURFACE_SIDE_STYLE('',(#4805));
#4805 = SURFACE_STYLE_FILL_AREA(#4806);
#4806 = FILL_AREA_STYLE('',(#4807));
#4807 = FILL_AREA_STYLE_COLOUR('',#4226);
#4808 = OVER_RIDING_STYLED_ITEM('overriding color',(#4809),#2815,#4209);
#4809 = PRESENTATION_STYLE_ASSIGNMENT((#4810));
#4810 = SURFACE_STYLE_USAGE(.BOTH.,#4811);
#4811 = SURFACE_SIDE_STYLE('',(#4812));
#4812 = SURFACE_STYLE_FILL_AREA(#4813);
#4813 = FILL_AREA_STYLE('',(#4814));
#4814 = FILL_AREA_STYLE_COLOUR('',#4226);
#4815 = OVER_RIDING_STYLED_ITEM('overriding color',(#4816),#2857,#4209);
#4816 = PRESENTATION_STYLE_ASSIGNMENT((#4817));
#4817 = SURFACE_STYLE_USAGE(.BOTH.,#4818);
#4818 = SURFACE_SIDE_STYLE('',(#4819));
#4819 = SURFACE_STYLE_FILL_AREA(#4820);
#4820 = FILL_AREA_STYLE('',(#4821));
#4821 = FILL_AREA_STYLE_COLOUR('',#4226);
#4822 = OVER_RIDING_STYLED_ITEM('overriding color',(#4823),#2881,#4209);
#4823 = PRESENTATION_STYLE_ASSIGNMENT((#4824));
#4824 = SURFACE_STYLE_USAGE(.BOTH.,#4825);
#4825 = SURFACE_SIDE_STYLE('',(#4826));
#4826 = SURFACE_STYLE_FILL_AREA(#4827);
#4827 = FILL_AREA_STYLE('',(#4828));
#4828 = FILL_AREA_STYLE_COLOUR('',#4226);
#4829 = OVER_RIDING_STYLED_ITEM('overriding color',(#4830),#2923,#4209);
#4830 = PRESENTATION_STYLE_ASSIGNMENT((#4831));
#4831 = SURFACE_STYLE_USAGE(.BOTH.,#4832);
#4832 = SURFACE_SIDE_STYLE('',(#4833));
#4833 = SURFACE_STYLE_FILL_AREA(#4834);
#4834 = FILL_AREA_STYLE('',(#4835));
#4835 = FILL_AREA_STYLE_COLOUR('',#4226);
#4836 = OVER_RIDING_STYLED_ITEM('overriding color',(#4837),#2947,#4209);
#4837 = PRESENTATION_STYLE_ASSIGNMENT((#4838));
#4838 = SURFACE_STYLE_USAGE(.BOTH.,#4839);
#4839 = SURFACE_SIDE_STYLE('',(#4840));
#4840 = SURFACE_STYLE_FILL_AREA(#4841);
#4841 = FILL_AREA_STYLE('',(#4842));
#4842 = FILL_AREA_STYLE_COLOUR('',#4226);
#4843 = OVER_RIDING_STYLED_ITEM('overriding color',(#4844),#2989,#4209);
#4844 = PRESENTATION_STYLE_ASSIGNMENT((#4845));
#4845 = SURFACE_STYLE_USAGE(.BOTH.,#4846);
#4846 = SURFACE_SIDE_STYLE('',(#4847));
#4847 = SURFACE_STYLE_FILL_AREA(#4848);
#4848 = FILL_AREA_STYLE('',(#4849));
#4849 = FILL_AREA_STYLE_COLOUR('',#4226);
#4850 = OVER_RIDING_STYLED_ITEM('overriding color',(#4851),#3013,#4209);
#4851 = PRESENTATION_STYLE_ASSIGNMENT((#4852));
#4852 = SURFACE_STYLE_USAGE(.BOTH.,#4853);
#4853 = SURFACE_SIDE_STYLE('',(#4854));
#4854 = SURFACE_STYLE_FILL_AREA(#4855);
#4855 = FILL_AREA_STYLE('',(#4856));
#4856 = FILL_AREA_STYLE_COLOUR('',#4226);
#4857 = OVER_RIDING_STYLED_ITEM('overriding color',(#4858),#3055,#4209);
#4858 = PRESENTATION_STYLE_ASSIGNMENT((#4859));
#4859 = SURFACE_STYLE_USAGE(.BOTH.,#4860);
#4860 = SURFACE_SIDE_STYLE('',(#4861));
#4861 = SURFACE_STYLE_FILL_AREA(#4862);
#4862 = FILL_AREA_STYLE('',(#4863));
#4863 = FILL_AREA_STYLE_COLOUR('',#4226);
#4864 = OVER_RIDING_STYLED_ITEM('overriding color',(#4865),#3079,#4209);
#4865 = PRESENTATION_STYLE_ASSIGNMENT((#4866));
#4866 = SURFACE_STYLE_USAGE(.BOTH.,#4867);
#4867 = SURFACE_SIDE_STYLE('',(#4868));
#4868 = SURFACE_STYLE_FILL_AREA(#4869);
#4869 = FILL_AREA_STYLE('',(#4870));
#4870 = FILL_AREA_STYLE_COLOUR('',#4226);
#4871 = OVER_RIDING_STYLED_ITEM('overriding color',(#4872),#3121,#4209);
#4872 = PRESENTATION_STYLE_ASSIGNMENT((#4873));
#4873 = SURFACE_STYLE_USAGE(.BOTH.,#4874);
#4874 = SURFACE_SIDE_STYLE('',(#4875));
#4875 = SURFACE_STYLE_FILL_AREA(#4876);
#4876 = FILL_AREA_STYLE('',(#4877));
#4877 = FILL_AREA_STYLE_COLOUR('',#4226);
#4878 = OVER_RIDING_STYLED_ITEM('overriding color',(#4879),#3145,#4209);
#4879 = PRESENTATION_STYLE_ASSIGNMENT((#4880));
#4880 = SURFACE_STYLE_USAGE(.BOTH.,#4881);
#4881 = SURFACE_SIDE_STYLE('',(#4882));
#4882 = SURFACE_STYLE_FILL_AREA(#4883);
#4883 = FILL_AREA_STYLE('',(#4884));
#4884 = FILL_AREA_STYLE_COLOUR('',#4226);
#4885 = OVER_RIDING_STYLED_ITEM('overriding color',(#4886),#3187,#4209);
#4886 = PRESENTATION_STYLE_ASSIGNMENT((#4887));
#4887 = SURFACE_STYLE_USAGE(.BOTH.,#4888);
#4888 = SURFACE_SIDE_STYLE('',(#4889));
#4889 = SURFACE_STYLE_FILL_AREA(#4890);
#4890 = FILL_AREA_STYLE('',(#4891));
#4891 = FILL_AREA_STYLE_COLOUR('',#4226);
#4892 = OVER_RIDING_STYLED_ITEM('overriding color',(#4893),#3211,#4209);
#4893 = PRESENTATION_STYLE_ASSIGNMENT((#4894));
#4894 = SURFACE_STYLE_USAGE(.BOTH.,#4895);
#4895 = SURFACE_SIDE_STYLE('',(#4896));
#4896 = SURFACE_STYLE_FILL_AREA(#4897);
#4897 = FILL_AREA_STYLE('',(#4898));
#4898 = FILL_AREA_STYLE_COLOUR('',#4226);
#4899 = OVER_RIDING_STYLED_ITEM('overriding color',(#4900),#3253,#4209);
#4900 = PRESENTATION_STYLE_ASSIGNMENT((#4901));
#4901 = SURFACE_STYLE_USAGE(.BOTH.,#4902);
#4902 = SURFACE_SIDE_STYLE('',(#4903));
#4903 = SURFACE_STYLE_FILL_AREA(#4904);
#4904 = FILL_AREA_STYLE('',(#4905));
#4905 = FILL_AREA_STYLE_COLOUR('',#4226);
#4906 = OVER_RIDING_STYLED_ITEM('overriding color',(#4907),#3277,#4209);
#4907 = PRESENTATION_STYLE_ASSIGNMENT((#4908));
#4908 = SURFACE_STYLE_USAGE(.BOTH.,#4909);
#4909 = SURFACE_SIDE_STYLE('',(#4910));
#4910 = SURFACE_STYLE_FILL_AREA(#4911);
#4911 = FILL_AREA_STYLE('',(#4912));
#4912 = FILL_AREA_STYLE_COLOUR('',#4226);
#4913 = OVER_RIDING_STYLED_ITEM('overriding color',(#4914),#3319,#4209);
#4914 = PRESENTATION_STYLE_ASSIGNMENT((#4915));
#4915 = SURFACE_STYLE_USAGE(.BOTH.,#4916);
#4916 = SURFACE_SIDE_STYLE('',(#4917));
#4917 = SURFACE_STYLE_FILL_AREA(#4918);
#4918 = FILL_AREA_STYLE('',(#4919));
#4919 = FILL_AREA_STYLE_COLOUR('',#4226);
#4920 = STYLED_ITEM('color',(#4921),#3731);
#4921 = PRESENTATION_STYLE_ASSIGNMENT((#4922,#4927));
#4922 = SURFACE_STYLE_USAGE(.BOTH.,#4923);
#4923 = SURFACE_SIDE_STYLE('',(#4924));
#4924 = SURFACE_STYLE_FILL_AREA(#4925);
#4925 = FILL_AREA_STYLE('',(#4926));
#4926 = FILL_AREA_STYLE_COLOUR('',#4216);
#4927 = CURVE_STYLE('',#4928,POSITIVE_LENGTH_MEASURE(0.1),#4216);
#4928 = DRAUGHTING_PRE_DEFINED_CURVE_FONT('continuous');
#4929 = OVER_RIDING_STYLED_ITEM('overriding color',(#4930),#3733,#4920);
#4930 = PRESENTATION_STYLE_ASSIGNMENT((#4931));
#4931 = SURFACE_STYLE_USAGE(.BOTH.,#4932);
#4932 = SURFACE_SIDE_STYLE('',(#4933));
#4933 = SURFACE_STYLE_FILL_AREA(#4934);
#4934 = FILL_AREA_STYLE('',(#4935));
#4935 = FILL_AREA_STYLE_COLOUR('',#4226);
#4936 = OVER_RIDING_STYLED_ITEM('overriding color',(#4937),#3775,#4920);
#4937 = PRESENTATION_STYLE_ASSIGNMENT((#4938));
#4938 = SURFACE_STYLE_USAGE(.BOTH.,#4939);
#4939 = SURFACE_SIDE_STYLE('',(#4940));
#4940 = SURFACE_STYLE_FILL_AREA(#4941);
#4941 = FILL_AREA_STYLE('',(#4942));
#4942 = FILL_AREA_STYLE_COLOUR('',#4226);
#4943 = STYLED_ITEM('color',(#4944),#3819);
#4944 = PRESENTATION_STYLE_ASSIGNMENT((#4945,#4950));
#4945 = SURFACE_STYLE_USAGE(.BOTH.,#4946);
#4946 = SURFACE_SIDE_STYLE('',(#4947));
#4947 = SURFACE_STYLE_FILL_AREA(#4948);
#4948 = FILL_AREA_STYLE('',(#4949));
#4949 = FILL_AREA_STYLE_COLOUR('',#4216);
#4950 = CURVE_STYLE('',#4951,POSITIVE_LENGTH_MEASURE(0.1),#4216);
#4951 = DRAUGHTING_PRE_DEFINED_CURVE_FONT('continuous');
#4952 = OVER_RIDING_STYLED_ITEM('overriding color',(#4953),#3821,#4943);
#4953 = PRESENTATION_STYLE_ASSIGNMENT((#4954));
#4954 = SURFACE_STYLE_USAGE(.BOTH.,#4955);
#4955 = SURFACE_SIDE_STYLE('',(#4956));
#4956 = SURFACE_STYLE_FILL_AREA(#4957);
#4957 = FILL_AREA_STYLE('',(#4958));
#4958 = FILL_AREA_STYLE_COLOUR('',#4226);
#4959 = OVER_RIDING_STYLED_ITEM('overriding color',(#4960),#3863,#4943);
#4960 = PRESENTATION_STYLE_ASSIGNMENT((#4961));
#4961 = SURFACE_STYLE_USAGE(.BOTH.,#4962);
#4962 = SURFACE_SIDE_STYLE('',(#4963));
#4963 = SURFACE_STYLE_FILL_AREA(#4964);
#4964 = FILL_AREA_STYLE('',(#4965));
#4965 = FILL_AREA_STYLE_COLOUR('',#4226);
#4966 = STYLED_ITEM('color',(#4967),#3907);
#4967 = PRESENTATION_STYLE_ASSIGNMENT((#4968,#4973));
#4968 = SURFACE_STYLE_USAGE(.BOTH.,#4969);
#4969 = SURFACE_SIDE_STYLE('',(#4970));
#4970 = SURFACE_STYLE_FILL_AREA(#4971);
#4971 = FILL_AREA_STYLE('',(#4972));
#4972 = FILL_AREA_STYLE_COLOUR('',#4216);
#4973 = CURVE_STYLE('',#4974,POSITIVE_LENGTH_MEASURE(0.1),#4216);
#4974 = DRAUGHTING_PRE_DEFINED_CURVE_FONT('continuous');
#4975 = OVER_RIDING_STYLED_ITEM('overriding color',(#4976),#3909,#4966);
#4976 = PRESENTATION_STYLE_ASSIGNMENT((#4977));
#4977 = SURFACE_STYLE_USAGE(.BOTH.,#4978);
#4978 = SURFACE_SIDE_STYLE('',(#4979));
#4979 = SURFACE_STYLE_FILL_AREA(#4980);
#4980 = FILL_AREA_STYLE('',(#4981));
#4981 = FILL_AREA_STYLE_COLOUR('',#4226);
#4982 = OVER_RIDING_STYLED_ITEM('overriding color',(#4983),#3951,#4966);
#4983 = PRESENTATION_STYLE_ASSIGNMENT((#4984));
#4984 = SURFACE_STYLE_USAGE(.BOTH.,#4985);
#4985 = SURFACE_SIDE_STYLE('',(#4986));
#4986 = SURFACE_STYLE_FILL_AREA(#4987);
#4987 = FILL_AREA_STYLE('',(#4988));
#4988 = FILL_AREA_STYLE_COLOUR('',#4226);
#4989 = STYLED_ITEM('color',(#4990),#3995);
#4990 = PRESENTATION_STYLE_ASSIGNMENT((#4991,#4996));
#4991 = SURFACE_STYLE_USAGE(.BOTH.,#4992);
#4992 = SURFACE_SIDE_STYLE('',(#4993));
#4993 = SURFACE_STYLE_FILL_AREA(#4994);
#4994 = FILL_AREA_STYLE('',(#4995));
#4995 = FILL_AREA_STYLE_COLOUR('',#4216);
#4996 = CURVE_STYLE('',#4997,POSITIVE_LENGTH_MEASURE(0.1),#4216);
#4997 = DRAUGHTING_PRE_DEFINED_CURVE_FONT('continuous');
#4998 = OVER_RIDING_STYLED_ITEM('overriding color',(#4999),#3997,#4989);
#4999 = PRESENTATION_STYLE_ASSIGNMENT((#5000));
#5000 = SURFACE_STYLE_USAGE(.BOTH.,#5001);
#5001 = SURFACE_SIDE_STYLE('',(#5002));
#5002 = SURFACE_STYLE_FILL_AREA(#5003);
#5003 = FILL_AREA_STYLE('',(#5004));
#5004 = FILL_AREA_STYLE_COLOUR('',#4226);
#5005 = OVER_RIDING_STYLED_ITEM('overriding color',(#5006),#4039,#4989);
#5006 = PRESENTATION_STYLE_ASSIGNMENT((#5007));
#5007 = SURFACE_STYLE_USAGE(.BOTH.,#5008);
#5008 = SURFACE_SIDE_STYLE('',(#5009));
#5009 = SURFACE_STYLE_FILL_AREA(#5010);
#5010 = FILL_AREA_STYLE('',(#5011));
#5011 = FILL_AREA_STYLE_COLOUR('',#4226);


ENDSEC;
END-ISO-10303-21;